,Symbol,Name,Market
0,060310,3S,KOSDAQ
1,095570,AJ네트웍스,KOSPI
2,006840,AK홀딩스,KOSPI
3,054620,APS홀딩스,KOSDAQ
4,265520,AP시스템,KOSDAQ
5,211270,AP위성,KOSDAQ
6,027410,BGF,KOSPI
7,282330,BGF리테일,KOSPI
8,032790,BNGT,KOSDAQ
9,138930,BNK금융지주,KOSPI
10,001460,BYC,KOSPI
11,013720,CBI,KOSDAQ
12,001040,CJ,KOSPI
13,079160,CJ CGV,KOSPI
14,035760,CJ ENM,KOSDAQ
15,311690,CJ 바이오사이언스,KOSDAQ
16,000120,CJ대한통운,KOSPI
17,011150,CJ씨푸드,KOSPI
18,097950,CJ제일제당,KOSPI
19,051500,CJ프레시웨이,KOSDAQ
20,058820,CMG제약,KOSDAQ
21,023460,CNH,KOSDAQ
22,056730,CNT85,KOSDAQ
23,065770,CS,KOSDAQ
24,083660,CSA 코스믹,KOSDAQ
25,000590,CS홀딩스,KOSPI
26,012030,DB,KOSPI
27,404950,DB금융스팩10호,KOSDAQ
28,367340,DB금융스팩8호,KOSDAQ
29,367360,DB금융스팩9호,KOSDAQ
30,016610,DB금융투자,KOSPI
31,005830,DB손해보험,KOSPI
32,000990,DB하이텍,KOSPI
33,139130,DGB금융지주,KOSPI
34,001530,DI동일,KOSPI
35,000210,DL,KOSPI
36,001880,DL건설,KOSPI
37,375500,DL이앤씨,KOSPI
38,068790,DMS,KOSDAQ
39,004840,DRB동일,KOSPI
40,241520,DSC인베스트먼트,KOSDAQ
41,155660,DSR,KOSPI
42,069730,DSR제강,KOSPI
43,017940,E1,KOSPI
44,245620,EDGC,KOSDAQ
45,037370,EG,KOSDAQ
46,278990,EMB,KONEX
47,365550,ESR켄달스퀘어리츠,KOSPI
48,050120,ES큐브,KOSDAQ
49,084180,EV수성,KOSDAQ
50,383220,F&F,KOSPI
51,007700,F&F홀딩스,KOSPI
52,214270,FSN,KOSDAQ
53,130500,GH신소재,KOSDAQ
54,114090,GKL,KOSPI
55,900290,GRT,KOSDAQ
56,078930,GS,KOSPI
57,083450,GST,KOSDAQ
58,006360,GS건설,KOSPI
59,001250,GS글로벌,KOSPI
60,007070,GS리테일,KOSPI
61,297890,HB솔루션,KOSDAQ
62,078150,HB테크놀러지,KOSDAQ
63,012630,HDC,KOSPI
64,039570,HDC랩스,KOSPI
65,089470,HDC현대EP,KOSPI
66,294870,HDC현대산업개발,KOSPI
67,267250,HD현대,KOSPI
68,097230,HJ중공업,KOSPI
69,195940,HK이노엔,KOSDAQ
70,028300,HLB,KOSDAQ
71,003580,HLB글로벌,KOSPI
72,343090,HLB사이언스,KONEX
73,067630,HLB생명과학,KOSDAQ
74,047920,HLB제약,KOSDAQ
75,115450,HLB테라퓨틱스,KOSDAQ
76,011200,HMM,KOSPI
77,036640,HRS,KOSDAQ
78,082740,HSD엔진,KOSPI
79,335870,IBKS제12호스팩,KOSDAQ
80,351340,IBKS제13호스팩,KOSDAQ
81,388790,IBKS제16호스팩,KOSDAQ
82,405350,IBKS제17호스팩,KOSDAQ
83,003560,IHQ,KOSPI
84,095340,ISC,KOSDAQ
85,099520,ITX-AI,KOSDAQ
86,175330,JB금융지주,KOSPI
87,950170,JTC,KOSDAQ
88,234080,JW생명과학,KOSPI
89,067290,JW신약,KOSDAQ
90,001060,JW중외제약,KOSPI
91,096760,JW홀딩스,KOSPI
92,035900,JYP Ent.,KOSDAQ
93,318000,KBG,KOSDAQ
94,024840,KBI메탈,KOSDAQ
95,105560,KB금융,KOSPI
96,024120,KB오토시스,KOSDAQ
97,002380,KCC,KOSPI
98,021320,KCC건설,KOSDAQ
99,344820,KCC글라스,KOSPI
100,036670,KCI,KOSDAQ
101,009070,KCTC,KOSPI
102,009440,KC그린홀딩스,KOSPI
103,112190,KC산업,KONEX
104,119650,KC코트렐,KOSPI
105,044180,KD,KOSDAQ
106,092220,KEC,KOSPI
107,151860,KG ETS,KOSDAQ
108,046440,KG모빌리언스,KOSDAQ
109,016380,KG스틸,KOSPI
110,035600,KG이니시스,KOSDAQ
111,001390,KG케미칼,KOSPI
112,226360,KH 건설,KOSDAQ
113,111870,KH 전자,KOSDAQ
114,033180,KH 필룩스,KOSPI
115,060720,KH바텍,KOSDAQ
116,001940,KISCO홀딩스,KOSPI
117,122450,KMH,KOSDAQ
118,052900,KMH하이텍,KOSDAQ
119,058400,KNN,KOSDAQ
120,114450,KPX생명과학,KOSDAQ
121,025000,KPX케미칼,KOSPI
122,092230,KPX홀딩스,KOSPI
123,000040,KR모터스,KOSPI
124,044450,KSS해운,KOSPI
125,030200,KT,KOSPI
126,033780,KT&G,KOSPI
127,058850,KTcs,KOSPI
128,058860,KTis,KOSPI
129,060370,KT서브마린,KOSDAQ
130,093050,LF,KOSPI
131,003550,LG,KOSPI
132,034220,LG디스플레이,KOSPI
133,051900,LG생활건강,KOSPI
134,373220,LG에너지솔루션,KOSPI
135,032640,LG유플러스,KOSPI
136,011070,LG이노텍,KOSPI
137,066570,LG전자,KOSPI
138,037560,LG헬로비전,KOSPI
139,051910,LG화학,KOSPI
140,079550,LIG넥스원,KOSPI
141,006260,LS,KOSPI
142,010120,LS ELECTRIC,KOSPI
143,000680,LS네트웍스,KOSPI
144,229640,LS전선아시아,KOSPI
145,108320,LX세미콘,KOSDAQ
146,001120,LX인터내셔널,KOSPI
147,108670,LX하우시스,KOSPI
148,383800,LX홀딩스,KOSPI
149,023150,MH에탄올,KOSPI
150,035420,NAVER,KOSPI
151,160550,NEW,KOSDAQ
152,053290,NE능률,KOSDAQ
153,181710,NHN,KOSPI
154,104200,NHN벅스,KOSDAQ
155,060250,NHN한국사이버결제,KOSDAQ
156,400760,NH올원리츠,KOSPI
157,005940,NH투자증권,KOSPI
158,338100,NH프라임리츠,KOSPI
159,034310,NICE,KOSPI
160,030190,NICE평가정보,KOSDAQ
161,008260,NI스틸,KOSPI
162,004250,NPC,KOSPI
163,010060,OCI,KOSPI
164,178920,PI첨단소재,KOSPI
165,024940,PN풍년,KOSDAQ
166,005490,POSCO홀딩스,KOSPI
167,218410,RFHIC,KOSDAQ
168,327260,RF머트리얼즈,KOSDAQ
169,091340,S&K폴리텍,KOSDAQ
170,010950,S-Oil,KOSPI
171,019550,SBI인베스트먼트,KOSDAQ
172,950110,SBI핀테크솔루션즈,KOSDAQ
173,034120,SBS,KOSPI
174,046140,SBS콘텐츠허브,KOSDAQ
175,151910,SBW생명과학,KOSDAQ
176,036120,SCI평가정보,KOSDAQ
177,099220,SDN,KOSDAQ
178,036540,SFA반도체,KOSDAQ
179,255220,SG,KOSDAQ
180,040610,SG&G,KOSDAQ
181,049470,SGA,KOSDAQ
182,184230,SGA솔루션즈,KOSDAQ
183,005090,SGC에너지,KOSPI
184,016250,SGC이테크건설,KOSDAQ
185,001380,SG글로벌,KOSPI
186,004060,SG세계물산,KOSPI
187,001770,SHD,KOSPI
188,002360,SH에너지화학,KOSPI
189,009160,SIMPAC,KOSPI
190,123700,SJM,KOSPI
191,025530,SJM홀딩스,KOSPI
192,034730,SK,KOSPI
193,337450,SK5호스팩,KOSDAQ
194,340350,SK6호스팩,KOSDAQ
195,011790,SKC,KOSPI
196,018670,SK가스,KOSPI
197,001740,SK네트웍스,KOSPI
198,006120,SK디스커버리,KOSPI
199,210980,SK디앤디,KOSPI
200,068400,SK렌터카,KOSPI
201,395400,SK리츠,KOSPI
202,302440,SK바이오사이언스,KOSPI
203,326030,SK바이오팜,KOSPI
204,402340,SK스퀘어,KOSPI
205,260870,SK시그넷,KONEX
206,361610,SK아이이테크놀로지,KOSPI
207,096770,SK이노베이션,KOSPI
208,001510,SK증권,KOSPI
209,285130,SK케미칼,KOSPI
210,017670,SK텔레콤,KOSPI
211,000660,SK하이닉스,KOSPI
212,048550,SM C&C,KOSDAQ
213,063440,SM Life Design,KOSDAQ
214,950180,SNK,KOSDAQ
215,064960,SNT모티브,KOSPI
216,100840,SNT에너지,KOSPI
217,003570,SNT중공업,KOSPI
218,036530,SNT홀딩스,KOSPI
219,005610,SPC삼립,KOSPI
220,011810,STX,KOSPI
221,077970,STX엔진,KOSPI
222,071970,STX중공업,KOSPI
223,002820,SUN&L,KOSPI
224,289080,SV인베스트먼트,KOSDAQ
225,084870,TBH글로벌,KOSPI
226,002710,TCC스틸,KOSPI
227,089230,THE E&M,KOSDAQ
228,161570,THE MIDONG,KOSDAQ
229,192410,THQ,KOSDAQ
230,032540,TJ미디어,KOSDAQ
231,022220,TKG애강,KOSDAQ
232,069260,TKG휴켐스,KOSPI
233,048770,TPC,KOSDAQ
234,246690,TS인베스트먼트,KOSDAQ
235,317240,TS트릴리온,KOSDAQ
236,002900,TYM,KOSPI
237,038340,UCI,KOSDAQ
238,073570,WI,KOSDAQ
239,024070,WISCOM,KOSPI
240,057030,YBM넷,KOSDAQ
241,037270,YG PLUS,KOSPI
242,040300,YTN,KOSDAQ
243,051390,YW,KOSDAQ
244,052220,iMBC,KOSDAQ
245,079940,가비아,KOSDAQ
246,078890,가온미디어,KOSDAQ
247,000500,가온전선,KOSPI
248,036620,감성코퍼레이션,KOSDAQ
249,000860,강남제비스코,KOSPI
250,217730,강스템바이오텍,KOSDAQ
251,035250,강원랜드,KOSPI
252,114190,강원에너지,KOSDAQ
253,094480,갤럭시아머니트리,KOSDAQ
254,011420,갤럭시아에스엠,KOSPI
255,039240,경남스틸,KOSDAQ
256,053950,경남제약,KOSDAQ
257,002100,경농,KOSPI
258,009450,경동나비엔,KOSPI
259,267290,경동도시가스,KOSPI
260,012320,경동인베스트,KOSPI
261,011040,경동제약,KOSDAQ
262,000050,경방,KOSPI
263,214390,경보제약,KOSPI
264,012610,경인양행,KOSPI
265,009140,경인전자,KOSPI
266,024910,경창산업,KOSDAQ
267,013580,계룡건설,KOSPI
268,012200,계양전기,KOSPI
269,002140,고려산업,KOSPI
270,198440,고려시멘트,KOSDAQ
271,049720,고려신용정보,KOSDAQ
272,010130,고려아연,KOSPI
273,002240,고려제강,KOSPI
274,014570,고려제약,KOSDAQ
275,348150,고바이오랩,KOSDAQ
276,098460,고영,KOSDAQ
277,035290,골드앤에스,KOSDAQ
278,038530,골드퍼시픽,KOSDAQ
279,900280,골든센츄리,KOSDAQ
280,215000,골프존,KOSDAQ
281,121440,골프존뉴딘홀딩스,KOSDAQ
282,183410,골프존데카,KONEX
283,366030,공구우먼,KOSDAQ
284,076340,관악산업,KONEX
285,009290,광동제약,KOSPI
286,014200,광림,KOSDAQ
287,017040,광명전기,KOSPI
288,029480,광무,KOSDAQ
289,017900,광전자,KOSPI
290,037710,광주신세계,KOSPI
291,026910,광진실업,KOSDAQ
292,355150,교보10호스팩,KOSDAQ
293,397880,교보11호스팩,KOSDAQ
294,331520,교보9호스팩,KOSDAQ
295,030610,교보증권,KOSPI
296,339770,교촌에프앤비,KOSPI
297,053270,구영테크,KOSDAQ
298,007690,국도화학,KOSPI
299,005320,국동,KOSPI
300,001140,국보,KOSPI
301,066620,국보디자인,KOSDAQ
302,043650,국순당,KOSDAQ
303,006050,국영지앤엠,KOSDAQ
304,060480,국일신동,KOSDAQ
305,078130,국일제지,KOSDAQ
306,307750,국전약품,KOSDAQ
307,002720,국제약품,KOSPI
308,243870,굿센,KONEX
309,035080,그래디언트,KOSDAQ
310,204020,그리티,KOSDAQ
311,083420,그린케미칼,KOSPI
312,186230,그린플러스,KOSDAQ
313,014530,극동유화,KOSPI
314,900070,글로벌에스엠,KOSDAQ
315,204620,글로벌텍스프리,KOSDAQ
316,019660,글로본,KOSDAQ
317,014280,금강공업,KOSPI
318,053260,금강철강,KOSDAQ
319,008870,금비,KOSPI
320,001570,금양,KOSPI
321,002990,금호건설,KOSPI
322,011780,금호석유,KOSPI
323,214330,금호에이치티,KOSPI
324,001210,금호전기,KOSPI
325,073240,금호타이어,KOSPI
326,036190,금화피에스시,KOSDAQ
327,049080,기가레인,KOSDAQ
328,035460,기산텔레콤,KOSDAQ
329,092440,기신정기,KOSPI
330,000270,기아,KOSPI
331,024110,기업은행,KOSPI
332,013700,까뮤이앤씨,KOSPI
333,308100,까스텔바작,KOSDAQ
334,004540,깨끗한나라,KOSPI
335,187790,나노,KOSDAQ
336,286750,나노브릭,KOSDAQ
337,121600,나노신소재,KOSDAQ
338,247660,나노씨엠에스,KOSDAQ
339,039860,나노엔텍,KOSDAQ
340,091970,나노캠텍,KOSDAQ
341,244880,나눔테크,KONEX
342,288490,나라소프트,KONEX
343,051490,나라엠앤디,KOSDAQ
344,137080,나래나노텍,KOSDAQ
345,190510,나무가,KOSDAQ
346,242040,나무기술,KOSDAQ
347,089600,나스미디어,KOSDAQ
348,293580,나우IB,KOSDAQ
349,257990,나우코스,KONEX
350,138610,나이벡,KOSDAQ
351,130580,나이스디앤비,KOSDAQ
352,036800,나이스정보통신,KOSDAQ
353,267320,나인테크,KOSDAQ
354,001260,남광토건,KOSPI
355,008350,남선알미늄,KOSPI
356,004270,남성,KOSPI
357,003920,남양유업,KOSPI
358,025860,남해화학,KOSPI
359,111710,남화산업,KOSDAQ
360,091590,남화토건,KOSDAQ
361,168330,내츄럴엔도텍,KOSDAQ
362,094860,네오리진,KOSDAQ
363,253590,네오셈,KOSDAQ
364,212560,네오오토,KOSDAQ
365,095660,네오위즈,KOSDAQ
366,042420,네오위즈홀딩스,KOSDAQ
367,950220,네오이뮨텍,KOSDAQ
368,311390,네오크레마,KOSDAQ
369,085910,네오티스,KOSDAQ
370,092730,네오팜,KOSDAQ
371,290660,네오펙트,KOSDAQ
372,306620,네온테크,KOSDAQ
373,153460,네이블,KOSDAQ
374,007390,네이처셀,KOSDAQ
375,033640,네패스,KOSDAQ
376,330860,네패스아크,KOSDAQ
377,005720,넥센,KOSPI
378,002350,넥센타이어,KOSPI
379,089140,넥스턴바이오,KOSDAQ
380,137940,넥스트아이,KOSDAQ
381,348210,넥스틴,KOSDAQ
382,225570,넥슨게임즈,KOSDAQ
383,217270,넵튠,KOSDAQ
384,251270,넷마블,KOSPI
385,317860,노드메이슨,KONEX
386,104620,노랑풍선,KOSDAQ
387,090350,노루페인트,KOSPI
388,000320,노루홀딩스,KOSPI
389,194700,노바렉스,KOSDAQ
390,285490,노바텍,KOSDAQ
391,229500,노브메타파마,KONEX
392,106520,노블엠앤비,KOSDAQ
393,376930,노을,KOSDAQ
394,278650,노터스,KOSDAQ
395,006280,녹십자,KOSPI
396,142280,녹십자엠에스,KOSDAQ
397,234690,녹십자웰빙,KOSDAQ
398,005250,녹십자홀딩스,KOSPI
399,065560,녹원씨엔아이,KOSDAQ
400,004370,농심,KOSPI
401,072710,농심홀딩스,KOSPI
402,054050,농우바이오,KOSDAQ
403,069140,누리플랜,KOSDAQ
404,040160,누리플렉스,KOSDAQ
405,332290,누보,KOSDAQ
406,126870,뉴로스,KOSDAQ
407,060260,뉴보텍,KOSDAQ
408,012340,뉴인텍,KOSDAQ
409,214870,뉴지랩파마,KOSDAQ
410,270870,뉴트리,KOSDAQ
411,144960,뉴파워프라즈마,KOSDAQ
412,085670,뉴프렉스,KOSDAQ
413,119860,다나와,KOSDAQ
414,064260,다날,KOSDAQ
415,093640,다믈멀티미디어,KOSDAQ
416,340360,다보링크,KOSDAQ
417,039560,다산네트웍스,KOSDAQ
418,058730,다스코,KOSPI
419,298870,다올인베스트먼트,KOSDAQ
420,030210,다올투자증권,KOSPI
421,023590,다우기술,KOSPI
422,032190,다우데이타,KOSDAQ
423,323350,다원넥스뷰,KONEX
424,068240,다원시스,KOSDAQ
425,145210,다이나믹디자인,KOSPI
426,271850,다이오진,KONEX
427,019680,대교,KOSPI
428,006370,대구백화점,KOSPI
429,008060,대덕,KOSPI
430,353200,대덕전자,KOSPI
431,000490,대동,KOSPI
432,178600,대동고려삼,KONEX
433,020400,대동금속,KOSDAQ
434,008830,대동기어,KOSDAQ
435,048470,대동스틸,KOSDAQ
436,008110,대동전자,KOSPI
437,004780,대륙제관,KOSDAQ
438,005750,대림B&Co,KOSPI
439,017650,대림제지,KOSDAQ
440,006570,대림통상,KOSPI
441,007720,대명소노시즌,KOSDAQ
442,389260,대명에너지,KOSDAQ
443,317850,대모,KOSDAQ
444,290670,대보마그네틱,KOSDAQ
445,078140,대봉엘에스,KOSDAQ
446,001680,대상,KOSPI
447,084690,대상홀딩스,KOSPI
448,036480,대성미생물,KOSDAQ
449,128820,대성산업,KOSPI
450,117580,대성에너지,KOSPI
451,025440,대성엘텍,KOSDAQ
452,027830,대성창투,KOSDAQ
453,104040,대성파인텍,KOSDAQ
454,016710,대성홀딩스,KOSPI
455,387310,대신밸런스제10호스팩,KOSDAQ
456,397500,대신밸런스제11호스팩,KOSDAQ
457,336570,대신밸런스제8호스팩,KOSDAQ
458,020180,대신정보통신,KOSDAQ
459,003540,대신증권,KOSPI
460,045390,대아티아이,KOSDAQ
461,009190,대양금속,KOSPI
462,108380,대양전기공업,KOSDAQ
463,006580,대양제지,KOSDAQ
464,014160,대영포장,KOSPI
465,047040,대우건설,KOSPI
466,009320,대우부품,KOSPI
467,042660,대우조선해양,KOSPI
468,003090,대웅,KOSPI
469,069620,대웅제약,KOSPI
470,007680,대원,KOSDAQ
471,000430,대원강업,KOSPI
472,048910,대원미디어,KOSDAQ
473,005710,대원산업,KOSDAQ
474,006340,대원전선,KOSPI
475,003220,대원제약,KOSPI
476,024890,대원화성,KOSPI
477,290380,대유,KOSDAQ
478,002880,대유에이텍,KOSPI
479,290120,대유에이피,KOSDAQ
480,000300,대유플러스,KOSPI
481,120240,대정화금,KOSDAQ
482,003310,대주산업,KOSDAQ
483,114920,대주이엔티,KONEX
484,078600,대주전자재료,KOSDAQ
485,012800,대창,KOSPI
486,015230,대창단조,KOSPI
487,096350,대창솔루션,KOSDAQ
488,140520,대창스틸,KOSDAQ
489,131220,대한과학,KOSDAQ
490,010170,대한광통신,KOSDAQ
491,060900,대한그린파워,KOSDAQ
492,054670,대한뉴팜,KOSDAQ
493,001070,대한방직,KOSPI
494,023910,대한약품,KOSDAQ
495,006650,대한유화,KOSPI
496,001440,대한전선,KOSPI
497,084010,대한제강,KOSPI
498,001790,대한제당,KOSPI
499,001130,대한제분,KOSPI
500,003490,대한항공,KOSPI
501,005880,대한해운,KOSPI
502,003830,대한화섬,KOSPI
503,016090,대현,KOSPI
504,069460,대호에이엘,KOSPI
505,021040,대호특수강,KOSDAQ
506,067080,대화제약,KOSDAQ
507,298540,더네이쳐홀딩스,KOSDAQ
508,192080,더블유게임즈,KOSPI
509,299170,더블유에스아이,KOSDAQ
510,012510,더존비즈온,KOSPI
511,302920,더콘텐츠온,KONEX
512,213420,덕산네오룩스,KOSDAQ
513,317330,덕산테코피아,KOSDAQ
514,077360,덕산하이메탈,KOSDAQ
515,004830,덕성,KOSPI
516,090410,덕신하우징,KOSDAQ
517,024900,덕양산업,KOSPI
518,263600,덕우전자,KOSDAQ
519,194480,데브시스터즈,KOSDAQ
520,348840,데이드림엔터,KONEX
521,263800,데이타솔루션,KOSDAQ
522,199150,데이터스트림즈,KONEX
523,206560,덱스터,KOSDAQ
524,261200,덴티스,KOSDAQ
525,145720,덴티움,KOSPI
526,227420,도부마스크,KONEX
527,067990,도이치모터스,KOSDAQ
528,002150,도화엔지니어링,KOSPI
529,006620,동구바이오제약,KOSDAQ
530,100130,동국S&C,KOSDAQ
531,005160,동국산업,KOSDAQ
532,075970,동국알앤에스,KOSDAQ
533,001230,동국제강,KOSPI
534,086450,동국제약,KOSDAQ
535,023450,동남합성,KOSPI
536,004140,동방,KOSPI
537,099410,동방선기,KOSDAQ
538,007590,동방아그로,KOSPI
539,005960,동부건설,KOSPI
540,026960,동서,KOSPI
541,002210,동성제약,KOSPI
542,102260,동성케미컬,KOSPI
543,033500,동성화인텍,KOSDAQ
544,025950,동신건설,KOSDAQ
545,000640,동아쏘시오홀딩스,KOSPI
546,170900,동아에스티,KOSPI
547,088130,동아엘텍,KOSDAQ
548,028100,동아지질,KOSPI
549,282690,동아타이어,KOSPI
550,041930,동아화성,KOSDAQ
551,001520,동양,KOSPI
552,084670,동양고속,KOSPI
553,082640,동양생명,KOSPI
554,060380,동양에스텍,KOSDAQ
555,079960,동양이엔피,KOSDAQ
556,008970,동양철관,KOSPI
557,228340,동양파일,KOSDAQ
558,092780,동양피스톤,KOSPI
559,088910,동우팜투테이블,KOSDAQ
560,094170,동운아나텍,KOSDAQ
561,049770,동원F&B,KOSPI
562,013120,동원개발,KOSDAQ
563,018500,동원금속,KOSPI
564,006040,동원산업,KOSPI
565,030720,동원수산,KOSPI
566,014820,동원시스템즈,KOSPI
567,163560,동일고무벨트,KOSPI
568,109860,동일금속,KOSDAQ
569,032960,동일기연,KOSDAQ
570,004890,동일산업,KOSPI
571,002690,동일제강,KOSPI
572,023790,동일철강,KOSDAQ
573,005290,동진쎄미켐,KOSDAQ
574,025900,동화기업,KOSDAQ
575,000020,동화약품,KOSPI
576,000150,두산,KOSPI
577,241560,두산밥캣,KOSPI
578,034020,두산에너빌리티,KOSPI
579,336260,두산퓨얼셀,KOSPI
580,016740,두올,KOSPI
581,073190,듀오백,KOSDAQ
582,176750,듀켐바이오,KONEX
583,030350,드래곤플라이,KOSDAQ
584,203650,드림시큐리티,KOSDAQ
585,223250,드림씨아이에스,KOSDAQ
586,060570,드림어스컴퍼니,KOSDAQ
587,192650,드림텍,KOSPI
588,217620,디딤,KOSDAQ
589,016670,디모아,KOSDAQ
590,187870,디바이스이엔지,KOSDAQ
591,066670,디스플레이텍,KOSDAQ
592,024090,디씨엠,KOSPI
593,003160,디아이,KOSPI
594,092200,디아이씨,KOSPI
595,110990,디아이티,KOSDAQ
596,078590,디아크,KOSDAQ
597,263690,디알젬,KOSDAQ
598,214680,디알텍,KOSDAQ
599,377190,디앤디플랫폼리츠,KOSPI
600,263720,디앤씨미디어,KOSDAQ
601,376300,디어유,KOSDAQ
602,141020,디에스앤엘,KOSDAQ
603,109740,디에스케이,KOSDAQ
604,131030,디에이치피코리아,KOSDAQ
605,196490,디에이테크놀로지,KOSDAQ
606,066900,디에이피,KOSDAQ
607,180400,디엑스앤브이엑스,KOSDAQ
608,127120,디엔에이링크,KOSDAQ
609,092070,디엔에프,KOSDAQ
610,039840,디오,KOSDAQ
611,013570,디와이,KOSPI
612,219550,디와이디,KOSDAQ
613,310870,디와이씨,KOSDAQ
614,210540,디와이파워,KOSPI
615,104460,디와이피엔에프,KOSDAQ
616,079810,디이엔티,KOSDAQ
617,113810,디젠스,KOSDAQ
618,043360,디지아이,KOSDAQ
619,197140,디지캡,KOSDAQ
620,068930,디지털대성,KOSDAQ
621,033130,디지틀조선,KOSDAQ
622,105740,디케이락,KOSDAQ
623,263020,디케이앤디,KOSDAQ
624,290550,디케이티,KOSDAQ
625,007340,디티알오토모티브,KOSPI
626,187220,디티앤씨,KOSDAQ
627,163430,디피코,KONEX
628,131180,딜리,KOSDAQ
629,315640,딥노이드,KOSDAQ
630,317120,라닉스,KOSDAQ
631,042510,라온시큐어,KOSDAQ
632,232680,라온테크,KOSDAQ
633,300120,라온피플,KOSDAQ
634,171120,라이온켐텍,KOSDAQ
635,069540,라이트론,KOSDAQ
636,285770,라이프사이언스테크놀로지,KONEX
637,347700,라이프시맨틱스,KOSDAQ
638,214260,라파스,KOSDAQ
639,403360,라피치,KONEX
640,115390,락앤락,KOSPI
641,200350,래몽래인,KOSDAQ
642,171010,램테크놀러지,KOSDAQ
643,084650,랩지노믹스,KOSDAQ
644,217500,러셀,KOSDAQ
645,092590,럭스피아,KONEX
646,141080,레고켐바이오,KOSDAQ
647,060300,레드로버,KOSDAQ
648,038390,레드캡투어,KOSDAQ
649,294140,레몬,KOSDAQ
650,228670,레이,KOSDAQ
651,228850,레이언스,KOSDAQ
652,281740,레이크머티리얼즈,KOSDAQ
653,277810,레인보우로보틱스,KOSDAQ
654,179720,렌딩머신,KONEX
655,215100,로보로보,KOSDAQ
656,090360,로보스타,KOSDAQ
657,238500,로보쓰리,KONEX
658,108490,로보티즈,KOSDAQ
659,900260,로스웰,KOSDAQ
660,223220,로지스몬,KONEX
661,067730,로지시스,KOSDAQ
662,071280,로체시스템즈,KOSDAQ
663,032350,롯데관광개발,KOSPI
664,089860,롯데렌탈,KOSPI
665,330590,롯데리츠,KOSPI
666,000400,롯데손해보험,KOSPI
667,023530,롯데쇼핑,KOSPI
668,004000,롯데정밀화학,KOSPI
669,286940,롯데정보통신,KOSPI
670,280360,롯데제과,KOSPI
671,004990,롯데지주,KOSPI
672,005300,롯데칠성,KOSPI
673,011170,롯데케미칼,KOSPI
674,002270,롯데푸드,KOSPI
675,071840,롯데하이마트,KOSPI
676,038060,루멘스,KOSDAQ
677,162120,루켄테크놀러지스,KONEX
678,253610,루트락,KONEX
679,085370,루트로닉,KOSDAQ
680,060240,룽투코리아,KOSDAQ
681,058470,리노공업,KOSDAQ
682,039980,리노스,KOSDAQ
683,019570,리더스 기술투자,KOSDAQ
684,016100,리더스코스메틱,KOSDAQ
685,012700,리드코프,KOSDAQ
686,302550,리메드,KOSDAQ
687,377450,리파인,KOSDAQ
688,277070,린드먼아시아,KOSDAQ
689,042500,링네트,KOSDAQ
690,219420,링크제니시스,KOSDAQ
691,027740,마니커,KOSPI
692,195500,마니커에프앤지,KOSDAQ
693,222810,마이더스AI,KOSDAQ
694,305090,마이크로디지탈,KOSDAQ
695,098120,마이크로컨텍솔,KOSDAQ
696,147760,마이크로프랜드,KOSDAQ
697,377480,마인즈랩,KOSDAQ
698,038290,마크로젠,KOSDAQ
699,204320,만도,KOSPI
700,001080,만호제강,KOSPI
701,220630,맘스터치,KOSDAQ
702,267980,매일유업,KOSDAQ
703,005990,매일홀딩스,KOSDAQ
704,127160,매직마이크로,KOSDAQ
705,093520,매커스,KOSDAQ
706,377030,맥스트,KOSDAQ
707,088980,맥쿼리인프라,KOSPI
708,094800,맵스리얼티1,KOSPI
709,100590,머큐리,KOSDAQ
710,067280,멀티캠퍼스,KOSDAQ
711,072870,메가스터디,KOSDAQ
712,215200,메가스터디교육,KOSDAQ
713,133750,메가엠디,KOSDAQ
714,235980,메드팩토,KOSDAQ
715,200580,메디쎄이,KONEX
716,041920,메디아나,KOSDAQ
717,233250,메디안디노스틱,KONEX
718,014100,메디앙스,KOSDAQ
719,236340,메디젠휴먼케어,KONEX
720,054180,메디콕스,KOSDAQ
721,086900,메디톡스,KOSDAQ
722,078160,메디포스트,KOSDAQ
723,065650,메디프론,KOSDAQ
724,138040,메리츠금융지주,KOSPI
725,008560,메리츠증권,KOSPI
726,000060,메리츠화재,KOSPI
727,021880,메이슨캐피탈,KOSDAQ
728,140410,메지온,KOSDAQ
729,241770,메카로,KOSDAQ
730,090370,메타랩스,KOSPI
731,059210,메타바이오메드,KOSDAQ
732,058110,멕아이씨에스,KOSDAQ
733,096640,멜파스,KOSDAQ
734,017180,명문제약,KOSPI
735,257370,명성티엔에스,KOSDAQ
736,009900,명신산업,KOSPI
737,267060,명진홀딩스,KONEX
738,012690,모나리자,KOSPI
739,005360,모나미,KOSPI
740,080420,모다이노칩,KOSDAQ
741,080160,모두투어,KOSDAQ
742,204210,모두투어리츠,KOSPI
743,100030,모바일리더,KOSDAQ
744,087260,모바일어플라이언스,KOSDAQ
745,101330,모베이스,KOSDAQ
746,012860,모베이스전자,KOSDAQ
747,348030,모비릭스,KOSDAQ
748,250060,모비스,KOSDAQ
749,288980,모아데이타,KOSDAQ
750,033200,모아텍,KOSDAQ
751,009680,모토닉,KOSPI
752,118990,모트렉스,KOSDAQ
753,006920,모헨즈,KOSDAQ
754,009580,무림P&P,KOSPI
755,001810,무림SP,KOSDAQ
756,009200,무림페이퍼,KOSPI
757,322970,무진메디,KONEX
758,033920,무학,KOSPI
759,008420,문배철강,KOSPI
760,279600,미디어젠,KOSDAQ
761,095500,미래나노텍,KOSDAQ
762,025560,미래산업,KOSPI
763,218150,미래생명자원,KOSDAQ
764,007120,미래아이앤지,KOSPI
765,396690,미래에셋글로벌리츠,KOSPI
766,353490,미래에셋대우스팩 5호,KOSDAQ
767,328380,미래에셋대우스팩3호,KOSDAQ
768,357250,미래에셋맵스리츠,KOSPI
769,100790,미래에셋벤처투자,KOSDAQ
770,412930,미래에셋비전스팩1호,KOSDAQ
771,085620,미래에셋생명,KOSPI
772,006800,미래에셋증권,KOSPI
773,208890,미래엔에듀파트너,KONEX
774,049950,미래컴퍼니,KOSDAQ
775,207760,미스터블루,KOSDAQ
776,002840,미원상사,KOSPI
777,268280,미원에스씨,KOSPI
778,107590,미원홀딩스,KOSPI
779,134380,미원화학,KOSPI
780,003650,미창석유,KOSPI
781,059090,미코,KOSDAQ
782,214610,미코바이오메드,KOSDAQ
783,201490,미투온,KOSDAQ
784,950190,미투젠,KOSDAQ
785,214180,민앤지,KOSDAQ
786,155900,바다로19호,KOSPI
787,206640,바디텍메드,KOSDAQ
788,018700,바른손,KOSDAQ
789,035620,바른손이앤에이,KOSDAQ
790,064520,바른전자,KOSDAQ
791,053030,바이넥스,KOSDAQ
792,301300,바이브컴퍼니,KOSDAQ
793,064550,바이오니아,KOSDAQ
794,314930,바이오다인,KOSDAQ
795,208710,바이오로그디바이스,KOSDAQ
796,086820,바이오솔루션,KOSDAQ
797,038460,바이오스마트,KOSDAQ
798,281310,바이오시네틱스,KONEX
799,251120,바이오에프디엔씨,KOSDAQ
800,266470,바이오인프라생명과학,KONEX
801,086040,바이오톡스텍,KOSDAQ
802,199290,바이오프로테크,KONEX
803,099430,바이오플러스,KOSDAQ
804,032980,바이온,KOSDAQ
805,222160,바이옵트로,KOSDAQ
806,308080,바이젠셀,KOSDAQ
807,043150,바텍,KOSDAQ
808,323990,박셀바이오,KOSDAQ
809,003610,방림,KOSPI
810,267790,배럴,KOSDAQ
811,001340,백광산업,KOSPI
812,046310,백금T&A,KOSDAQ
813,035150,백산,KOSPI
814,066410,버킷스튜디오,KOSDAQ
815,002410,범양건영,KOSPI
816,206400,베노홀딩스,KOSDAQ
817,019010,베뉴지,KOSDAQ
818,322190,베른,KONEX
819,177350,베셀,KOSDAQ
820,299910,베스파,KOSDAQ
821,096300,베트남개발1,KOSPI
822,007210,벽산,KOSPI
823,225530,보광산업,KOSDAQ
824,250000,보라티알,KOSDAQ
825,002760,보락,KOSPI
826,003850,보령,KOSPI
827,006910,보성파워텍,KOSDAQ
828,000890,보해양조,KOSPI
829,226340,본느,KOSDAQ
830,206950,볼빅,KONEX
831,003000,부광약품,KOSPI
832,001270,부국증권,KOSPI
833,026940,부국철강,KOSPI
834,014470,부방,KOSDAQ
835,011390,부산산업,KOSPI
836,005030,부산주공,KOSPI
837,008470,부스타,KOSDAQ
838,338220,뷰노,KOSDAQ
839,100120,뷰웍스,KOSDAQ
840,337930,브랜드엑스코퍼레이션,KOSDAQ
841,099390,브레인즈컴퍼니,KOSDAQ
842,064480,브리지텍,KOSDAQ
843,288330,브릿지바이오테라퓨틱스,KOSDAQ
844,365900,브이씨,KOSDAQ
845,251630,브이원텍,KOSDAQ
846,018290,브이티지엠피,KOSDAQ
847,044480,블루베리 NFT,KOSDAQ
848,033560,블루콤,KOSDAQ
849,191600,블루탑,KONEX
850,369370,블리츠웨이,KOSDAQ
851,126340,비나텍,KOSDAQ
852,121800,비덴트,KOSDAQ
853,148140,비디아이,KOSDAQ
854,082800,비보존 헬스케어,KOSDAQ
855,318410,비비씨,KOSDAQ
856,002070,비비안,KOSPI
857,100220,비상교육,KOSPI
858,146320,비씨엔씨,KOSDAQ
859,200780,비씨월드제약,KOSDAQ
860,141000,비아트론,KOSDAQ
861,090460,비에이치,KOSDAQ
862,083650,비에이치아이,KOSDAQ
863,215050,비엔디생활건강,KONEX
864,142760,비엘,KOSDAQ
865,065170,비엘팜텍,KOSDAQ
866,086220,비엘헬스케어,KONEX
867,086670,비엠티,KOSDAQ
868,335890,비올,KOSDAQ
869,138580,비즈니스온,KOSDAQ
870,082920,비츠로셀,KOSDAQ
871,054220,비츠로시스,KOSDAQ
872,042370,비츠로테크,KOSDAQ
873,030790,비케이탑스,KOSPI
874,050090,비케이홀딩스,KOSDAQ
875,307870,비투엔,KOSDAQ
876,357880,비트나인,KOSDAQ
877,032850,비트컴퓨터,KOSDAQ
878,148780,비플라이소프트,KONEX
879,238200,비피도,KOSDAQ
880,093190,빅솔론,KOSDAQ
881,065450,빅텍,KOSDAQ
882,210120,빅텐츠,KONEX
883,005180,빙그레,KOSPI
884,072950,빛샘전자,KOSDAQ
885,266170,뿌리깊은나무들,KONEX
886,143240,사람인에이치알,KOSDAQ
887,003960,사조대림,KOSPI
888,008040,사조동아원,KOSPI
889,007160,사조산업,KOSPI
890,014710,사조씨푸드,KOSPI
891,006090,사조오양,KOSPI
892,100090,삼강엠앤티,KOSDAQ
893,122350,삼기,KOSDAQ
894,014970,삼륭물산,KOSDAQ
895,018310,삼목에스폼,KOSDAQ
896,053700,삼보모터스,KOSDAQ
897,009620,삼보산업,KOSDAQ
898,023600,삼보판지,KOSDAQ
899,001470,삼부토건,KOSPI
900,006400,삼성SDI,KOSPI
901,006660,삼성공조,KOSPI
902,380320,삼성머스트스팩5호,KOSDAQ
903,028260,삼성물산,KOSPI
904,207940,삼성바이오로직스,KOSPI
905,032830,삼성생명,KOSPI
906,377630,삼성스팩4호,KOSDAQ
907,018260,삼성에스디에스,KOSPI
908,028050,삼성엔지니어링,KOSPI
909,009150,삼성전기,KOSPI
910,005930,삼성전자,KOSPI
911,001360,삼성제약,KOSPI
912,010140,삼성중공업,KOSPI
913,016360,삼성증권,KOSPI
914,068290,삼성출판사,KOSPI
915,029780,삼성카드,KOSPI
916,000810,삼성화재,KOSPI
917,006110,삼아알미늄,KOSPI
918,009300,삼아제약,KOSDAQ
919,145990,삼양사,KOSPI
920,003230,삼양식품,KOSPI
921,225190,삼양옵틱스,KOSDAQ
922,002170,삼양통상,KOSPI
923,272550,삼양패키징,KOSPI
924,000070,삼양홀딩스,KOSPI
925,002810,삼영무역,KOSPI
926,361670,삼영에스앤씨,KOSDAQ
927,054540,삼영엠텍,KOSDAQ
928,065570,삼영이엔씨,KOSDAQ
929,005680,삼영전자,KOSPI
930,003720,삼영화학,KOSPI
931,023000,삼원강재,KOSPI
932,004380,삼익THK,KOSPI
933,002450,삼익악기,KOSPI
934,032280,삼일,KOSDAQ
935,002290,삼일기업공사,KOSDAQ
936,004440,삼일씨엔에스,KOSPI
937,000520,삼일제약,KOSPI
938,009770,삼정펄프,KOSPI
939,037460,삼지전자,KOSDAQ
940,032750,삼진,KOSDAQ
941,054090,삼진엘앤디,KOSDAQ
942,005500,삼진제약,KOSPI
943,000250,삼천당제약,KOSDAQ
944,004690,삼천리,KOSPI
945,024950,삼천리자전거,KOSDAQ
946,038500,삼표시멘트,KOSDAQ
947,017480,삼현철강,KOSDAQ
948,010960,삼호개발,KOSPI
949,046390,삼화네트웍스,KOSDAQ
950,004450,삼화왕관,KOSPI
951,009470,삼화전기,KOSPI
952,011230,삼화전자,KOSPI
953,001820,삼화콘덴서,KOSPI
954,000390,삼화페인트,KOSPI
955,027580,상보,KOSDAQ
956,038540,상상인,KOSDAQ
957,101000,상상인인더스트리,KOSDAQ
958,415580,상상인제3호스팩,KOSDAQ
959,001290,상상인증권,KOSPI
960,041650,상신브레이크,KOSPI
961,091580,상신이디피,KOSDAQ
962,263810,상신전자,KOSDAQ
963,089980,상아프론테크,KOSDAQ
964,042940,상지카일룸,KOSDAQ
965,042600,새로닉스,KOSDAQ
966,075180,새론오토모티브,KOSPI
967,252990,샘씨엔에스,KOSDAQ
968,007540,샘표,KOSPI
969,248170,샘표식품,KOSPI
970,294630,서남,KOSDAQ
971,038070,서린바이오,KOSDAQ
972,006730,서부T&D,KOSDAQ
973,079650,서산,KOSDAQ
974,100660,서암기계공업,KOSDAQ
975,007860,서연,KOSPI
976,200880,서연이화,KOSPI
977,019770,서연탑메탈,KOSDAQ
978,017390,서울가스,KOSPI
979,043710,서울리거,KOSDAQ
980,092190,서울바이오시스,KOSDAQ
981,046890,서울반도체,KOSDAQ
982,004410,서울식품,KOSPI
983,063170,서울옥션,KOSDAQ
984,027040,서울전자통신,KOSDAQ
985,018680,서울제약,KOSDAQ
986,021050,서원,KOSPI
987,093920,서원인텍,KOSDAQ
988,189860,서전기전,KOSDAQ
989,178320,서진시스템,KOSDAQ
990,122690,서진오토모티브,KOSDAQ
991,140070,서플러스글로벌,KOSDAQ
992,011370,서한,KOSDAQ
993,065710,서호전기,KOSDAQ
994,008490,서흥,KOSPI
995,035890,서희건설,KOSDAQ
996,357550,석경에이티,KOSDAQ
997,003100,선광,KOSDAQ
998,007610,선도전기,KOSPI
999,067370,선바이오,KONEX
1000,171090,선익시스템,KOSDAQ
1001,136490,선진,KOSPI
1002,086710,선진뷰티사이언스,KOSDAQ
1003,014620,성광벤드,KOSDAQ
1004,037350,성도이엔지,KOSDAQ
1005,014910,성문전자,KOSPI
1006,003080,성보화학,KOSPI
1007,004980,성신양회,KOSPI
1008,011300,성안,KOSPI
1009,081580,성우전자,KOSDAQ
1010,045300,성우테크론,KOSDAQ
1011,015750,성우하이텍,KOSDAQ
1012,000180,성창기업지주,KOSPI
1013,080470,성창오토텍,KOSDAQ
1014,043260,성호전자,KOSDAQ
1015,148150,세경하이테크,KOSDAQ
1016,002420,세기상사,KOSPI
1017,053060,세동,KOSDAQ
1018,340440,세림B&G,KOSDAQ
1019,017510,세명전기,KOSDAQ
1020,004360,세방,KOSPI
1021,004490,세방전지,KOSPI
1022,011560,세보엠이씨,KOSDAQ
1023,396300,세아메카닉스,KOSDAQ
1024,001430,세아베스틸지주,KOSPI
1025,306200,세아제강,KOSPI
1026,003030,세아제강지주,KOSPI
1027,019440,세아특수강,KOSPI
1028,058650,세아홀딩스,KOSPI
1029,052190,세영디앤씨,KOSDAQ
1030,013000,세우글로벌,KOSPI
1031,100700,세운메디칼,KOSDAQ
1032,024830,세원물산,KOSDAQ
1033,091090,세원이앤씨,KOSPI
1034,021820,세원정공,KOSPI
1035,067830,세이브존I&C,KOSPI
1036,033530,세종공업,KOSPI
1037,258830,세종메디칼,KOSDAQ
1038,036630,세종텔레콤,KOSDAQ
1039,039310,세중,KOSDAQ
1040,075580,세진중공업,KOSPI
1041,067770,세진티에스,KOSDAQ
1042,053450,세코닉스,KOSDAQ
1043,234340,세틀뱅크,KOSDAQ
1044,027970,세하,KOSPI
1045,252500,세화피앤씨,KOSDAQ
1046,347000,센코,KOSDAQ
1047,308170,센트랄모텍,KOSPI
1048,012600,센트럴인사이트,KOSPI
1049,331920,셀레믹스,KOSDAQ
1050,049180,셀루메드,KOSDAQ
1051,299660,셀리드,KOSDAQ
1052,268600,셀리버리,KOSDAQ
1053,108860,셀바스AI,KOSDAQ
1054,208370,셀바스헬스케어,KOSDAQ
1055,258250,셀젠텍,KONEX
1056,068270,셀트리온,KOSPI
1057,068760,셀트리온제약,KOSDAQ
1058,091990,셀트리온헬스케어,KOSDAQ
1059,060230,소니드,KOSDAQ
1060,290690,소룩스,KOSDAQ
1061,053110,소리바다,KOSDAQ
1062,950200,소마젠,KOSDAQ
1063,032680,소프트센,KOSDAQ
1064,258790,소프트캠프,KOSDAQ
1065,066910,손오공,KOSDAQ
1066,043100,솔고바이오,KOSDAQ
1067,336370,솔루스첨단소재,KOSPI
1068,154040,솔루에타,KOSDAQ
1069,248070,솔루엠,KOSPI
1070,035610,솔본,KOSDAQ
1071,357780,솔브레인,KOSDAQ
1072,036830,솔브레인홀딩스,KOSDAQ
1073,304100,솔트룩스,KOSDAQ
1074,004430,송원산업,KOSPI
1075,086980,쇼박스,KOSDAQ
1076,050960,수산아이앤티,KOSDAQ
1077,017550,수산중공업,KOSPI
1078,253840,수젠텍,KOSDAQ
1079,185190,수프로,KONEX
1080,236200,슈프리마,KOSDAQ
1081,317770,슈프리마아이디,KOSDAQ
1082,094840,슈프리마에이치큐,KOSDAQ
1083,192440,슈피겐코리아,KOSDAQ
1084,099440,스맥,KOSDAQ
1085,053210,스카이라이프,KOSPI
1086,033790,스카이문스테크놀로지,KOSDAQ
1087,131100,스카이이앤엠,KOSDAQ
1088,276040,스코넥,KOSDAQ
1089,159910,스킨앤스킨,KOSDAQ
1090,115570,스타플렉스,KOSDAQ
1091,258540,스템랩,KONEX
1092,330730,스톤브릿지벤처스,KOSDAQ
1093,253450,스튜디오드래곤,KOSDAQ
1094,204630,스튜디오산타클로스,KOSDAQ
1095,026890,스틱인베스트먼트,KOSPI
1096,013810,스페코,KOSDAQ
1097,049830,승일,KOSDAQ
1098,020710,시공테크,KOSDAQ
1099,033170,시그네틱스,KOSDAQ
1100,048870,시너지이노베이션,KOSDAQ
1101,025320,시노펙스,KOSDAQ
1102,134790,시디즈,KOSPI
1103,269620,시스웍,KOSDAQ
1104,131090,시큐브,KOSDAQ
1105,232830,시큐센,KONEX
1106,139050,시티랩스,KOSDAQ
1107,016590,신대양제지,KOSPI
1108,290520,신도기연,KOSDAQ
1109,029530,신도리코,KOSPI
1110,004970,신라교역,KOSPI
1111,001000,신라섬유,KOSDAQ
1112,025870,신라에스지,KOSDAQ
1113,215600,신라젠,KOSDAQ
1114,065350,신성델타테크,KOSDAQ
1115,011930,신성이엔지,KOSPI
1116,005390,신성통상,KOSPI
1117,004170,신세계,KOSPI
1118,035510,신세계 I&C,KOSPI
1119,034300,신세계건설,KOSPI
1120,031430,신세계인터내셔날,KOSPI
1121,031440,신세계푸드,KOSPI
1122,006880,신송홀딩스,KOSPI
1123,002800,신신제약,KOSDAQ
1124,323280,신영스팩5호,KOSDAQ
1125,344050,신영스팩6호,KOSDAQ
1126,419270,신영스팩7호,KOSDAQ
1127,005800,신영와코루,KOSPI
1128,001720,신영증권,KOSPI
1129,009270,신원,KOSPI
1130,017000,신원종합개발,KOSDAQ
1131,002700,신일전자,KOSPI
1132,012790,신일제약,KOSDAQ
1133,138070,신진에스엠,KOSDAQ
1134,226330,신테카바이오,KOSDAQ
1135,019170,신풍제약,KOSPI
1136,002870,신풍제지,KOSPI
1137,404990,신한서부티엔디리츠,KOSPI
1138,293940,신한알파리츠,KOSPI
1139,333050,신한제6호스팩,KOSDAQ
1140,366330,신한제7호스팩,KOSDAQ
1141,393360,신한제8호스팩,KOSDAQ
1142,405640,신한제9호스팩,KOSDAQ
1143,055550,신한지주,KOSPI
1144,056700,신화인터텍,KOSDAQ
1145,187270,신화콘텍,KOSDAQ
1146,004080,신흥,KOSPI
1147,243840,신흥에스이씨,KOSDAQ
1148,257720,실리콘투,KOSDAQ
1149,222800,심텍,KOSDAQ
1150,036710,심텍홀딩스,KOSDAQ
1151,160980,싸이맥스,KOSDAQ
1152,356890,싸이버원,KOSDAQ
1153,217330,싸이토젠,KOSDAQ
1154,102280,쌍방울,KOSPI
1155,003410,쌍용C&E,KOSPI
1156,010280,쌍용정보통신,KOSDAQ
1157,003620,쌍용차,KOSPI
1158,004770,써니전자,KOSPI
1159,217320,썬테크,KONEX
1160,208640,썸에이지,KOSDAQ
1161,222420,쎄노텍,KOSDAQ
1162,037760,쎄니트,KOSDAQ
1163,099320,쎄트렉아이,KOSDAQ
1164,015540,쎌마테라퓨틱스,KOSPI
1165,049960,쎌바이오텍,KOSDAQ
1166,050890,쏠리드,KOSDAQ
1167,066790,씨씨에스,KOSDAQ
1168,222080,씨아이에스,KOSDAQ
1169,004920,씨아이테크,KOSPI
1170,236030,씨알푸드,KONEX
1171,103660,씨앗,KONEX
1172,352480,씨앤씨인터내셔널,KOSDAQ
1173,245450,씨앤에스링크,KONEX
1174,264660,씨앤지하이테크,KOSDAQ
1175,352700,씨앤투스성진,KOSDAQ
1176,297090,씨에스베어링,KOSDAQ
1177,112610,씨에스윈드,KOSPI
1178,359090,씨엔알리서치,KOSDAQ
1179,286000,씨엔티드림,KONEX
1180,115530,씨엔플러스,KOSDAQ
1181,115480,씨유메디칼,KOSDAQ
1182,376290,씨유테크,KOSDAQ
1183,189330,씨이랩,KOSDAQ
1184,096530,씨젠,KOSDAQ
1185,900120,씨케이에이치,KOSDAQ
1186,101240,씨큐브,KOSDAQ
1187,060590,씨티씨바이오,KOSDAQ
1188,260930,씨티케이,KOSDAQ
1189,013990,아가방컴퍼니,KOSDAQ
1190,123860,아나패스,KOSDAQ
1191,025980,아난티,KOSDAQ
1192,008700,아남전자,KOSPI
1193,058220,아리온,KOSDAQ
1194,125210,아모그린텍,KOSDAQ
1195,002790,아모레G,KOSPI
1196,090430,아모레퍼시픽,KOSPI
1197,357580,아모센스,KOSDAQ
1198,052710,아모텍,KOSDAQ
1199,074430,아미노로직스,KOSDAQ
1200,092040,아미코젠,KOSDAQ
1201,083930,아바코,KOSDAQ
1202,149950,아바텍,KOSDAQ
1203,036010,아비코전자,KOSDAQ
1204,002030,아세아,KOSPI
1205,183190,아세아시멘트,KOSPI
1206,002310,아세아제지,KOSPI
1207,050860,아세아텍,KOSDAQ
1208,012170,아센디오,KOSPI
1209,136410,아셈스,KOSDAQ
1210,246720,아스타,KOSDAQ
1211,067390,아스트,KOSDAQ
1212,159010,아스플로,KOSDAQ
1213,127710,아시아경제,KOSDAQ
1214,267850,아시아나IDT,KOSPI
1215,020560,아시아나항공,KOSPI
1216,154030,아시아종묘,KOSDAQ
1217,227610,아우딘퓨쳐스,KOSDAQ
1218,143160,아이디스,KOSDAQ
1219,054800,아이디스홀딩스,KOSDAQ
1220,332370,아이디피,KOSDAQ
1221,122900,아이마켓코리아,KOSPI
1222,339950,아이비김영,KOSDAQ
1223,099190,아이센스,KOSDAQ
1224,289010,아이스크림에듀,KOSDAQ
1225,214430,아이쓰리시스템,KOSDAQ
1226,040910,아이씨디,KOSDAQ
1227,068940,아이씨케이,KOSDAQ
1228,052860,아이앤씨,KOSDAQ
1229,010780,아이에스동서,KOSPI
1230,069920,아이에스이커머스,KOSDAQ
1231,038880,아이에이,KOSDAQ
1232,307180,아이엘사이언스,KOSDAQ
1233,101390,아이엠,KOSDAQ
1234,078860,아이오케이,KOSDAQ
1235,114810,아이원스,KOSDAQ
1236,090150,아이윈,KOSDAQ
1237,123010,아이윈플러스,KOSDAQ
1238,031310,아이즈비전,KOSDAQ
1239,185490,아이진,KOSDAQ
1240,059100,아이컴포넌트,KOSDAQ
1241,149010,아이케이세미콘,KONEX
1242,262840,아이퀘스트,KOSDAQ
1243,175250,아이큐어,KOSDAQ
1244,052460,아이크래프트,KOSDAQ
1245,119830,아이텍,KOSDAQ
1246,052770,아이톡시,KOSDAQ
1247,124500,아이티센,KOSDAQ
1248,372800,아이티아이즈,KOSDAQ
1249,084850,아이티엠반도체,KOSDAQ
1250,114840,아이패밀리에스씨,KOSDAQ
1251,027360,아주IB투자,KOSDAQ
1252,139990,아주스틸,KOSPI
1253,032080,아즈텍WB,KOSDAQ
1254,013310,아진산업,KOSDAQ
1255,059120,아진엑스텍,KOSDAQ
1256,158430,아톤,KOSDAQ
1257,149300,아퓨어스,KONEX
1258,067160,아프리카TV,KOSDAQ
1259,001540,안국약품,KOSDAQ
1260,053800,안랩,KOSDAQ
1261,251280,안지오랩,KONEX
1262,065660,안트로젠,KOSDAQ
1263,297570,알로이스,KOSDAQ
1264,001780,알루코,KOSPI
1265,260660,알리코제약,KOSDAQ
1266,361570,알비더블유,KOSDAQ
1267,131370,알서포트,KOSDAQ
1268,140670,알에스오토메이션,KOSDAQ
1269,096610,알에프세미,KOSDAQ
1270,061040,알에프텍,KOSDAQ
1271,148250,알엔투테크놀로지,KOSDAQ
1272,347860,알체라,KOSDAQ
1273,196170,알테오젠,KOSDAQ
1274,123750,알톤스포츠,KOSDAQ
1275,085810,알티캐스트,KOSDAQ
1276,117670,알파홀딩스,KOSDAQ
1277,291650,압타머사이언스,KOSDAQ
1278,293780,압타바이오,KOSDAQ
1279,267810,앙츠,KONEX
1280,018250,애경산업,KOSPI
1281,161000,애경케미칼,KOSPI
1282,196300,애니젠,KOSDAQ
1283,310200,애니플러스,KOSDAQ
1284,179530,애드바이오텍,KOSDAQ
1285,900100,애머릿지,KOSDAQ
1286,205500,액션스퀘어,KOSDAQ
1287,052790,액토즈소프트,KOSDAQ
1288,290740,액트로,KOSDAQ
1289,238090,앤디포스,KOSDAQ
1290,092600,앤씨앤,KOSDAQ
1291,129890,앱코,KOSDAQ
1292,174900,앱클론,KOSDAQ
1293,255440,야스,KOSDAQ
1294,030960,양지사,KOSDAQ
1295,102120,어보브반도체,KOSDAQ
1296,263540,어스앤에어로스페이스,KOSDAQ
1297,238120,얼라인드,KOSDAQ
1298,224810,엄지하우스,KONEX
1299,019990,에너토크,KOSDAQ
1300,011090,에넥스,KOSPI
1301,136510,에디슨EV,KOSDAQ
1302,056090,에디슨INNO,KOSDAQ
1303,270660,에브리봇,KOSDAQ
1304,038680,에스넷,KOSDAQ
1305,137310,에스디바이오센서,KOSPI
1306,217480,에스디생명공학,KOSDAQ
1307,121890,에스디시스템,KOSDAQ
1308,097780,에스맥,KOSDAQ
1309,042110,에스씨디,KOSDAQ
1310,298060,에스씨엠생명과학,KOSDAQ
1311,065420,에스아이리소스,KOSDAQ
1312,270210,에스알바이오텍,KONEX
1313,103230,에스앤더블류,KOSDAQ
1314,260970,에스앤디,KOSDAQ
1315,101490,에스앤에스텍,KOSDAQ
1316,095910,에스에너지,KOSDAQ
1317,275630,에스에스알,KOSDAQ
1318,031330,에스에이엠티,KOSDAQ
1319,050320,에스에이치엔엘,KOSDAQ
1320,060540,에스에이티,KOSDAQ
1321,351320,에스에이티이엔지,KOSDAQ
1322,056190,에스에프에이,KOSDAQ
1323,080000,에스엔유,KOSDAQ
1324,086460,에스엔피제네틱스,KONEX
1325,005850,에스엘,KOSPI
1326,214310,에스엘바이오닉스,KOSDAQ
1327,246250,에스엘에스바이오,KONEX
1328,041510,에스엠,KOSDAQ
1329,010580,에스엠벡셀,KOSPI
1330,299670,에스엠비나,KONEX
1331,007820,에스엠코어,KOSDAQ
1332,109610,에스와이,KOSDAQ
1333,012750,에스원,KOSPI
1334,306040,에스제이그룹,KOSDAQ
1335,217910,에스제이켐,KONEX
1336,224020,에스케이씨에스,KONEX
1337,408920,에스케이증권7호스팩,KOSDAQ
1338,096630,에스코넥,KOSDAQ
1339,069510,에스텍,KOSDAQ
1340,041910,에스텍파마,KOSDAQ
1341,234300,에스트래픽,KOSDAQ
1342,039440,에스티아이,KOSDAQ
1343,098660,에스티오,KOSDAQ
1344,052020,에스티큐브,KOSDAQ
1345,237690,에스티팜,KOSDAQ
1346,050760,에스폴리텍,KOSDAQ
1347,288620,에스퓨얼셀,KOSDAQ
1348,317830,에스피시스템스,KOSDAQ
1349,058610,에스피지,KOSDAQ
1350,043340,에쎈테크,KOSDAQ
1351,023960,에쓰씨엔지니어링,KOSPI
1352,298690,에어부산,KOSPI
1353,187660,에이디엠코리아,KOSDAQ
1354,054630,에이디칩스,KOSDAQ
1355,200710,에이디테크놀로지,KOSDAQ
1356,096690,에이루트,KOSDAQ
1357,140910,에이리츠,KOSPI
1358,078520,에이블씨엔씨,KOSPI
1359,298380,에이비엘바이오,KOSDAQ
1360,203400,에이비온,KOSDAQ
1361,195990,에이비프로바이오,KOSDAQ
1362,003800,에이스침대,KOSDAQ
1363,088800,에이스테크,KOSDAQ
1364,241840,에이스토리,KOSDAQ
1365,312610,에이에프더블류,KOSDAQ
1366,015260,에이엔피,KOSPI
1367,234070,에이원알폼,KONEX
1368,072990,에이치시티,KOSDAQ
1369,227100,에이치앤비디자인,KOSDAQ
1370,044990,에이치엔에스하이텍,KONEX
1371,176440,에이치엔티,KOSDAQ
1372,239610,에이치엘사이언스,KOSDAQ
1373,353070,에이치엠씨제4호스팩,KOSDAQ
1374,353060,에이치엠씨제5호스팩,KOSDAQ
1375,044780,에이치케이,KOSDAQ
1376,357230,에이치피오,KOSDAQ
1377,071670,에이테크솔루션,KOSDAQ
1378,045660,에이텍,KOSDAQ
1379,224110,에이텍티앤,KOSDAQ
1380,230980,에이트원,KOSDAQ
1381,021080,에이티넘인베스트,KOSDAQ
1382,089530,에이티세미콘,KOSDAQ
1383,200470,에이팩트,KOSDAQ
1384,207490,에이펙스인텍,KONEX
1385,262260,에이프로,KOSDAQ
1386,109960,에이프로젠 H&G,KOSDAQ
1387,007460,에이프로젠 MED,KOSPI
1388,003060,에이프로젠제약,KOSPI
1389,244920,에이플러스에셋,KOSPI
1390,089970,에이피티씨,KOSDAQ
1391,230240,에치에프알,KOSDAQ
1392,230360,에코마케팅,KOSDAQ
1393,038870,에코바이오,KOSDAQ
1394,128540,에코캡,KOSDAQ
1395,086520,에코프로,KOSDAQ
1396,247540,에코프로비엠,KOSDAQ
1397,383310,에코프로에이치엔,KOSDAQ
1398,038110,에코플라스틱,KOSDAQ
1399,073540,에프알텍,KOSDAQ
1400,064850,에프앤가이드,KOSDAQ
1401,064090,에프앤리퍼블릭,KOSDAQ
1402,036810,에프에스티,KOSDAQ
1403,173940,에프엔씨엔터,KOSDAQ
1404,083500,에프엔에스테크,KOSDAQ
1405,054940,엑사이엔씨,KOSDAQ
1406,950130,엑세스바이오,KOSDAQ
1407,205100,엑셈,KOSDAQ
1408,070300,엑스큐어,KOSDAQ
1409,092870,엑시콘,KOSDAQ
1410,317870,엔바이오니아,KOSDAQ
1411,067570,엔브이에이치코리아,KOSDAQ
1412,236810,엔비티,KOSDAQ
1413,140610,엔솔바이오사이언스,KONEX
1414,333620,엔시스,KOSDAQ
1415,101400,엔시트론,KOSDAQ
1416,036570,엔씨소프트,KOSPI
1417,217820,엔에스,KOSDAQ
1418,031860,엔에스엔,KOSDAQ
1419,238170,엔에스엠,KONEX
1420,224760,엔에스컴퍼니,KONEX
1421,380440,엔에이치스팩19호,KOSPI
1422,391060,엔에이치스팩20호,KOSDAQ
1423,391710,엔에이치스팩21호,KOSDAQ
1424,396770,엔에이치스팩22호,KOSDAQ
1425,265740,엔에프씨,KOSDAQ
1426,354200,엔젠바이오,KOSDAQ
1427,093510,엔지브이아이,KONEX
1428,208860,엔지스테크널러지,KOSDAQ
1429,183490,엔지켐생명과학,KOSDAQ
1430,085310,엔케이,KOSPI
1431,182400,엔케이맥스,KOSDAQ
1432,348370,엔켐,KOSDAQ
1433,069410,엔텔스,KOSDAQ
1434,227950,엔투텍,KOSDAQ
1435,291230,엔피,KOSDAQ
1436,198080,엔피디,KOSDAQ
1437,048830,엔피케이,KOSDAQ
1438,096870,엘디티,KOSDAQ
1439,276240,엘리비젼,KONEX
1440,900140,엘브이엠씨홀딩스,KOSPI
1441,376190,엘비루셈,KOSDAQ
1442,061970,엘비세미콘,KOSDAQ
1443,138690,엘아이에스,KOSDAQ
1444,290650,엘앤씨바이오,KOSDAQ
1445,066970,엘앤에프,KOSDAQ
1446,156100,엘앤케이바이오,KOSDAQ
1447,311060,엘에이티,KONEX
1448,073110,엘엠에스,KOSDAQ
1449,083310,엘오티베큠,KOSDAQ
1450,037950,엘컴텍,KOSDAQ
1451,170920,엘티씨,KOSDAQ
1452,058630,엠게임,KOSDAQ
1453,058970,엠로,KOSDAQ
1454,019590,엠벤처투자,KOSDAQ
1455,169330,엠브레인,KOSDAQ
1456,097520,엠씨넥스,KOSPI
1457,179290,엠아이텍,KOSDAQ
1458,009780,엠에스씨,KOSDAQ
1459,123040,엠에스오토텍,KOSDAQ
1460,323230,엠에프엠코리아,KOSDAQ
1461,033160,엠케이전자,KOSDAQ
1462,347890,엠투아이,KOSDAQ
1463,033310,엠투엔,KOSDAQ
1464,259630,엠플러스,KOSDAQ
1465,065150,엠피대산,KOSDAQ
1466,115960,연우,KOSDAQ
1467,090740,연이비앤티,KOSDAQ
1468,060850,영림원소프트랩,KOSDAQ
1469,014440,영보화학,KOSPI
1470,007530,영신금속,KOSDAQ
1471,143540,영우디에스피,KOSDAQ
1472,111770,영원무역,KOSPI
1473,009970,영원무역홀딩스,KOSPI
1474,003520,영진약품,KOSPI
1475,000670,영풍,KOSPI
1476,036560,영풍정밀,KOSDAQ
1477,006740,영풍제지,KOSPI
1478,012280,영화금속,KOSPI
1479,265560,영화테크,KOSDAQ
1480,012160,영흥,KOSPI
1481,036000,예림당,KOSDAQ
1482,250930,예선테크,KOSDAQ
1483,053280,예스24,KOSDAQ
1484,015360,예스코홀딩스,KOSPI
1485,122640,예스티,KOSDAQ
1486,900300,오가닉티코스메틱,KOSDAQ
1487,045060,오공,KOSDAQ
1488,080520,오디텍,KOSDAQ
1489,007310,오뚜기,KOSPI
1490,039830,오로라,KOSDAQ
1491,322310,오로스테크놀로지,KOSDAQ
1492,046120,오르비텍,KOSDAQ
1493,014940,오리엔탈정공,KOSDAQ
1494,002630,오리엔트바이오,KOSPI
1495,065500,오리엔트정공,KOSDAQ
1496,271560,오리온,KOSPI
1497,001800,오리온홀딩스,KOSPI
1498,010470,오리콤,KOSDAQ
1499,352910,오비고,KOSDAQ
1500,053980,오상자이엘,KOSDAQ
1501,052420,오성첨단소재,KOSDAQ
1502,241790,오션브릿지,KOSDAQ
1503,329020,오션스톤,KONEX
1504,039200,오스코텍,KOSDAQ
1505,226400,오스테오닉,KOSDAQ
1506,031510,오스템,KOSDAQ
1507,048260,오스템임플란트,KOSDAQ
1508,138080,오이솔루션,KOSDAQ
1509,080580,오킨스전자,KOSDAQ
1510,067170,오텍,KOSDAQ
1511,353590,오토앤,KOSDAQ
1512,173130,오파스넷,KOSDAQ
1513,049480,오픈베이스,KOSDAQ
1514,309930,오하임아이엔티,KOSDAQ
1515,244460,올리패스,KOSDAQ
1516,226950,올릭스,KOSDAQ
1517,057540,옴니시스템,KOSDAQ
1518,082210,옵트론텍,KOSDAQ
1519,109080,옵티시스,KOSDAQ
1520,153710,옵티팜,KOSDAQ
1521,321820,와이더플래닛,KOSDAQ
1522,122990,와이솔,KOSDAQ
1523,232140,와이아이케이,KOSDAQ
1524,065530,와이어블,KOSDAQ
1525,067900,와이엔텍,KOSDAQ
1526,155650,와이엠씨,KOSDAQ
1527,273640,와이엠텍,KOSDAQ
1528,251370,와이엠티,KOSDAQ
1529,066430,와이오엠,KOSDAQ
1530,193250,와이제이엠게임즈,KOSDAQ
1531,273060,와이즈버즈,KOSDAQ
1532,019210,와이지-원,KOSDAQ
1533,122870,와이지엔터테인먼트,KOSDAQ
1534,011690,와이투솔루션,KOSPI
1535,332570,와이팜,KOSDAQ
1536,079000,와토스코리아,KOSDAQ
1537,070960,용평리조트,KOSPI
1538,316140,우리금융지주,KOSPI
1539,032820,우리기술,KOSDAQ
1540,041190,우리기술투자,KOSDAQ
1541,115440,우리넷,KOSDAQ
1542,046970,우리로,KOSDAQ
1543,082850,우리바이오,KOSDAQ
1544,215360,우리산업,KOSDAQ
1545,072470,우리산업홀딩스,KOSDAQ
1546,073560,우리손에프앤지,KOSDAQ
1547,037400,우리엔터프라이즈,KOSDAQ
1548,153490,우리이앤엘,KOSDAQ
1549,010050,우리종금,KOSPI
1550,101170,우림피티에스,KOSDAQ
1551,006980,우성,KOSPI
1552,066590,우수AMS,KOSDAQ
1553,017370,우신시스템,KOSPI
1554,103840,우양,KOSDAQ
1555,046940,우원개발,KOSDAQ
1556,215380,우정바이오,KOSDAQ
1557,065680,우주일렉트로,KOSDAQ
1558,105840,우진,KOSPI
1559,018620,우진비앤지,KOSDAQ
1560,010400,우진아이엔에스,KOSPI
1561,049800,우진플라임,KOSPI
1562,016880,웅진,KOSPI
1563,095720,웅진씽크빅,KOSPI
1564,005820,원림,KOSPI
1565,307280,원바이오젠,KOSDAQ
1566,053080,원방테크,KOSDAQ
1567,032940,원익,KOSDAQ
1568,240810,원익IPS,KOSDAQ
1569,074600,원익QnC,KOSDAQ
1570,104830,원익머트리얼즈,KOSDAQ
1571,014190,원익큐브,KOSDAQ
1572,131390,원익피앤이,KOSDAQ
1573,030530,원익홀딩스,KOSDAQ
1574,012620,원일특강,KOSDAQ
1575,382840,원준,KOSDAQ
1576,216280,원텍,KONEX
1577,376980,원티드랩,KOSDAQ
1578,122830,원포유,KONEX
1579,008370,원풍,KOSDAQ
1580,008290,원풍물산,KOSDAQ
1581,101160,월덱스,KOSDAQ
1582,336060,웨이버스,KOSDAQ
1583,095270,웨이브일렉트로,KOSDAQ
1584,010600,웰바이오텍,KOSPI
1585,065950,웰크론,KOSDAQ
1586,076080,웰크론한텍,KOSDAQ
1587,196700,웹스,KOSDAQ
1588,069080,웹젠,KOSDAQ
1589,053580,웹케시,KOSDAQ
1590,071460,위니아,KOSDAQ
1591,044340,위닉스,KOSDAQ
1592,330350,위더스제약,KOSDAQ
1593,348350,위드텍,KOSDAQ
1594,112040,위메이드,KOSDAQ
1595,101730,위메이드맥스,KOSDAQ
1596,123420,위메이드플레이,KOSDAQ
1597,065370,위세아이텍,KOSDAQ
1598,140660,위월드,KONEX
1599,038620,위즈코프,KOSDAQ
1600,299900,위지윅스튜디오,KOSDAQ
1601,036090,위지트,KOSDAQ
1602,136540,윈스,KOSDAQ
1603,320000,윈텍,KOSDAQ
1604,097800,윈팩,KOSDAQ
1605,192390,윈하이텍,KOSDAQ
1606,313760,윌링스,KOSDAQ
1607,008600,윌비스,KOSPI
1608,900340,윙입푸드,KOSDAQ
1609,033270,유나이티드제약,KOSPI
1610,064510,유네코,KOSDAQ
1611,014830,유니드,KOSPI
1612,036200,유니셈,KOSDAQ
1613,018000,유니슨,KOSDAQ
1614,000910,유니온,KOSPI
1615,047400,유니온머티리얼,KOSPI
1616,203450,유니온커뮤니티,KOSDAQ
1617,011330,유니켐,KOSPI
1618,077500,유니퀘스트,KOSPI
1619,011320,유니크,KOSDAQ
1620,086390,유니테스트,KOSDAQ
1621,241690,유니테크노,KOSDAQ
1622,142210,유니트론텍,KOSDAQ
1623,121060,유니포인트,KONEX
1624,048430,유라테크,KOSDAQ
1625,206650,유바이오로직스,KOSDAQ
1626,089850,유비벨록스,KOSDAQ
1627,084440,유비온,KONEX
1628,032620,유비케어,KOSDAQ
1629,264450,유비쿼스,KOSDAQ
1630,078070,유비쿼스홀딩스,KOSDAQ
1631,002920,유성기업,KOSPI
1632,024800,유성티엔에스,KOSDAQ
1633,000700,유수홀딩스,KOSPI
1634,054930,유신,KOSDAQ
1635,069330,유아이디,KOSDAQ
1636,049520,유아이엘,KOSDAQ
1637,367460,유안타제7호스팩,KOSDAQ
1638,367480,유안타제8호스팩,KOSDAQ
1639,003470,유안타증권,KOSPI
1640,263770,유에스티,KOSDAQ
1641,337840,유엑스엔,KONEX
1642,072130,유엔젤,KOSPI
1643,000220,유유제약,KOSPI
1644,388720,유일로보틱스,KOSDAQ
1645,340930,유일에너테크,KOSDAQ
1646,023410,유진기업,KOSDAQ
1647,056080,유진로봇,KOSDAQ
1648,373340,유진스팩6호,KOSDAQ
1649,388800,유진스팩7호,KOSDAQ
1650,413630,유진스팩8호,KOSDAQ
1651,084370,유진테크,KOSDAQ
1652,001200,유진투자증권,KOSPI
1653,178780,유테크,KOSDAQ
1654,221800,유투바이오,KONEX
1655,179900,유티아이,KOSDAQ
1656,263050,유틸렉스,KOSDAQ
1657,000100,유한양행,KOSPI
1658,003460,유화증권,KOSPI
1659,191410,육일씨엔에쓰,KOSDAQ
1660,008730,율촌화학,KOSPI
1661,072770,율호,KOSDAQ
1662,008250,이건산업,KOSPI
1663,039020,이건홀딩스,KOSDAQ
1664,025820,이구산업,KOSPI
1665,067920,이글루,KOSDAQ
1666,044960,이글벳,KOSDAQ
1667,303530,이노뎁,KOSDAQ
1668,302430,이노메트리,KOSDAQ
1669,279060,이노벡스,KONEX
1670,214320,이노션,KOSPI
1671,073490,이노와이어리스,KOSDAQ
1672,215790,이노인스트루먼트,KOSDAQ
1673,344860,이노진,KONEX
1674,246960,이노테라피,KOSDAQ
1675,088390,이녹스,KOSDAQ
1676,272290,이녹스첨단소재,KOSDAQ
1677,053350,이니텍,KOSDAQ
1678,041520,이라이콤,KOSDAQ
1679,264850,이랜시스,KOSDAQ
1680,054210,이랜텍,KOSDAQ
1681,164060,이루다,KOSDAQ
1682,065440,이루온,KOSDAQ
1683,088260,이리츠코크렙,KOSPI
1684,139480,이마트,KOSPI
1685,115610,이미지스,KOSDAQ
1686,349720,이베스트스팩5호,KOSDAQ
1687,078020,이베스트투자증권,KOSDAQ
1688,131400,이브이첨단소재,KOSDAQ
1689,208850,이비테크,KONEX
1690,351330,이삭엔지니어링,KOSDAQ
1691,080010,이상네트웍스,KOSDAQ
1692,379390,이성씨엔아이,KONEX
1693,086890,이수앱지스,KOSDAQ
1694,007660,이수페타시스,KOSPI
1695,005950,이수화학,KOSPI
1696,015020,이스타코,KOSPI
1697,047560,이스트소프트,KOSDAQ
1698,900110,이스트아시아홀딩스,KOSDAQ
1699,067010,이씨에스,KOSDAQ
1700,093230,이아이디,KOSPI
1701,341310,이앤에치,KONEX
1702,101360,이엔드디,KOSDAQ
1703,102710,이엔에프테크놀로지,KOSDAQ
1704,066980,이엔코퍼레이션,KOSDAQ
1705,074610,이엔플러스,KOSPI
1706,063760,이엘피,KOSDAQ
1707,123570,이엠넷,KOSDAQ
1708,083470,이엠앤아이,KOSDAQ
1709,095190,이엠코리아,KOSDAQ
1710,091120,이엠텍,KOSDAQ
1711,232530,이엠티,KONEX
1712,102460,이연제약,KOSPI
1713,039030,이오테크닉스,KOSDAQ
1714,294090,이오플로우,KOSDAQ
1715,088290,이원컴포텍,KOSDAQ
1716,084680,이월드,KOSPI
1717,181340,이즈미디어,KOSDAQ
1718,353810,이지바이오,KOSDAQ
1719,350520,이지스레지던스리츠,KOSPI
1720,334890,이지스밸류리츠,KOSPI
1721,099750,이지케어텍,KOSDAQ
1722,377330,이지트로닉스,KOSDAQ
1723,035810,이지홀딩스,KOSDAQ
1724,160600,이큐셀,KOSDAQ
1725,092130,이크레더블,KOSDAQ
1726,096040,이트론,KOSDAQ
1727,134060,이퓨쳐,KOSDAQ
1728,001840,이화공영,KOSDAQ
1729,000760,이화산업,KOSPI
1730,024810,이화전기,KOSDAQ
1731,014990,인디에프,KOSPI
1732,041830,인바디,KOSDAQ
1733,352940,인바이오,KOSDAQ
1734,101140,인바이오젠,KOSPI
1735,216400,인바이츠바이오코아,KONEX
1736,079950,인베니아,KOSDAQ
1737,277410,인산가,KOSDAQ
1738,060150,인선이엔티,KOSDAQ
1739,033230,인성정보,KOSDAQ
1740,006490,인스코비,KOSPI
1741,037330,인지디스플레,KOSDAQ
1742,023800,인지컨트롤스,KOSPI
1743,034590,인천도시가스,KOSPI
1744,211050,인카금융서비스,KOSDAQ
1745,083640,인콘,KOSDAQ
1746,216050,인크로스,KOSDAQ
1747,049070,인탑스,KOSDAQ
1748,119610,인터로조,KOSDAQ
1749,017250,인터엠,KOSDAQ
1750,129260,인터지스,KOSPI
1751,240340,인터코스,KONEX
1752,051370,인터플렉스,KOSDAQ
1753,064290,인텍플러스,KOSDAQ
1754,189300,인텔리안테크,KOSDAQ
1755,150840,인트로메딕,KOSDAQ
1756,048530,인트론바이오,KOSDAQ
1757,023810,인팩,KOSPI
1758,175140,인포마크,KOSDAQ
1759,115310,인포바인,KOSDAQ
1760,039290,인포뱅크,KOSDAQ
1761,071200,인피니트헬스케어,KOSDAQ
1762,101930,인화정공,KOSDAQ
1763,249420,일동제약,KOSPI
1764,000230,일동홀딩스,KOSPI
1765,013360,일성건설,KOSPI
1766,003120,일성신약,KOSPI
1767,333430,일승,KOSDAQ
1768,068330,일신바이오,KOSDAQ
1769,003200,일신방직,KOSPI
1770,007110,일신석재,KOSPI
1771,058450,일야,KOSDAQ
1772,007570,일양약품,KOSPI
1773,008500,일정실업,KOSPI
1774,019540,일지테크,KOSDAQ
1775,081000,일진다이아,KOSPI
1776,020760,일진디스플,KOSPI
1777,020150,일진머티리얼즈,KOSPI
1778,103590,일진전기,KOSPI
1779,094820,일진파워,KOSDAQ
1780,271940,일진하이솔루스,KOSPI
1781,015860,일진홀딩스,KOSPI
1782,226320,잇츠한불,KOSPI
1783,950140,잉글우드랩,KOSDAQ
1784,049550,잉크테크,KOSDAQ
1785,254120,자비스,KOSDAQ
1786,043910,자연과환경,KOSDAQ
1787,234920,자이글,KOSDAQ
1788,289220,자이언트스텝,KOSDAQ
1789,317400,자이에스앤디,KOSPI
1790,033240,자화전자,KOSPI
1791,174880,장원테크,KOSDAQ
1792,049630,재영솔루텍,KOSDAQ
1793,000950,전방,KOSPI
1794,110020,전진바이오팜,KOSDAQ
1795,208140,정다운,KOSDAQ
1796,040420,정상제이엘에스,KOSDAQ
1797,045510,정원엔시스,KOSDAQ
1798,217190,제너셈,KOSDAQ
1799,095700,제넥신,KOSDAQ
1800,072520,제넨바이오,KOSDAQ
1801,122310,제노레이,KOSDAQ
1802,361390,제노코,KOSDAQ
1803,066830,제노텍,KONEX
1804,187420,제노포커스,KOSDAQ
1805,225220,제놀루션,KOSDAQ
1806,123330,제닉,KOSDAQ
1807,159580,제로투세븐,KOSDAQ
1808,147830,제룡산업,KOSDAQ
1809,033100,제룡전기,KOSDAQ
1810,079370,제우스,KOSDAQ
1811,054950,제이브이엠,KOSDAQ
1812,023440,제이스코홀딩스,KOSDAQ
1813,090470,제이스텍,KOSDAQ
1814,287410,제이시스메디칼,KOSDAQ
1815,137950,제이씨케미칼,KOSDAQ
1816,033320,제이씨현시스템,KOSDAQ
1817,348950,제이알글로벌리츠,KOSPI
1818,204270,제이앤티씨,KOSDAQ
1819,194370,제이에스코퍼레이션,KOSPI
1820,026040,제이에스티나,KOSDAQ
1821,126880,제이엔케이히터,KOSDAQ
1822,322510,제이엘케이,KOSDAQ
1823,254160,제이엠멀티,KONEX
1824,033050,제이엠아이,KOSDAQ
1825,094970,제이엠티,KOSDAQ
1826,058420,제이웨이,KOSDAQ
1827,025620,제이준코스메틱,KOSPI
1828,089790,제이티,KOSDAQ
1829,030000,제일기획,KOSPI
1830,052670,제일바이오,KOSDAQ
1831,271980,제일약품,KOSPI
1832,001560,제일연마,KOSPI
1833,199820,제일전기공업,KOSDAQ
1834,038010,제일테크노스,KOSDAQ
1835,002620,제일파마홀딩스,KOSPI
1836,276730,제주맥주,KOSDAQ
1837,080220,제주반도체,KOSDAQ
1838,006220,제주은행,KOSPI
1839,089590,제주항공,KOSPI
1840,216080,제테마,KOSDAQ
1841,229000,젠큐릭스,KOSDAQ
1842,248020,젬,KONEX
1843,082270,젬백스,KOSDAQ
1844,064800,젬백스링크,KOSDAQ
1845,044060,조광ILI,KOSDAQ
1846,004910,조광페인트,KOSPI
1847,004700,조광피혁,KOSPI
1848,001550,조비,KOSPI
1849,000480,조선내화,KOSPI
1850,120030,조선선재,KOSPI
1851,034940,조아제약,KOSDAQ
1852,067000,조이시티,KOSDAQ
1853,018470,조일알미늄,KOSPI
1854,002600,조흥,KOSPI
1855,185750,종근당,KOSPI
1856,063160,종근당바이오,KOSPI
1857,001630,종근당홀딩스,KOSPI
1858,033340,좋은사람들,KOSDAQ
1859,036930,주성엔지니어링,KOSDAQ
1860,044380,주연테크,KOSPI
1861,239340,줌인터넷,KOSDAQ
1862,051980,중앙디앤엠,KOSDAQ
1863,072020,중앙백신,KOSDAQ
1864,000440,중앙에너비스,KOSDAQ
1865,078650,지나인제약,KOSDAQ
1866,228760,지노믹트리,KOSDAQ
1867,314130,지놈앤컴퍼니,KOSDAQ
1868,013890,지누스,KOSPI
1869,389030,지니너스,KOSDAQ
1870,043610,지니뮤직,KOSDAQ
1871,263860,지니언스,KOSDAQ
1872,303030,지니틱스,KOSDAQ
1873,036180,지더블유바이텍,KOSDAQ
1874,208350,지란지교시큐리티,KOSDAQ
1875,144510,지씨셀,KOSDAQ
1876,382480,지아이텍,KOSDAQ
1877,382800,지앤비에스엔지니어링,KOSDAQ
1878,299480,지앤이헬스케어,KONEX
1879,051160,지어소프트,KOSDAQ
1880,053050,지에스이,KOSDAQ
1881,119850,지엔씨에너지,KOSDAQ
1882,270520,지엔원에너지,KOSDAQ
1883,065060,지엔코,KOSDAQ
1884,204840,지엘팜텍,KOSDAQ
1885,013870,지엠비코리아,KOSPI
1886,071320,지역난방공사,KOSPI
1887,135160,지오씨,KONEX
1888,311320,지오엘리먼트,KOSDAQ
1889,035000,지투알,KOSPI
1890,388050,지투파워,KOSDAQ
1891,219750,지티지웰니스,KOSDAQ
1892,088790,진도,KOSPI
1893,018120,진로발효,KOSDAQ
1894,109820,진매트릭스,KOSDAQ
1895,086060,진바이오텍,KOSDAQ
1896,036890,진성티이씨,KOSDAQ
1897,363250,진시스템,KOSDAQ
1898,003780,진양산업,KOSPI
1899,007370,진양제약,KOSDAQ
1900,010640,진양폴리,KOSPI
1901,100250,진양홀딩스,KOSPI
1902,051630,진양화학,KOSPI
1903,272450,진에어,KOSPI
1904,011000,진원생명과학,KOSPI
1905,250030,진코스텍,KONEX
1906,002780,진흥기업,KOSPI
1907,233990,질경이,KONEX
1908,085660,차바이오텍,KOSDAQ
1909,261780,차백신연구소,KOSDAQ
1910,009310,참엔지니어링,KOSPI
1911,158310,참존글로벌,KOSDAQ
1912,094850,참좋은여행,KOSDAQ
1913,004650,창해에탄올,KOSDAQ
1914,278280,천보,KOSDAQ
1915,000650,천일고속,KOSPI
1916,140290,청광건설,KONEX
1917,066360,체리부로,KOSDAQ
1918,033250,체시스,KOSPI
1919,047820,초록뱀미디어,KOSDAQ
1920,052300,초록뱀컴퍼니,KOSDAQ
1921,118000,초록뱀헬스케어,KOSPI
1922,094360,칩스앤미디어,KOSDAQ
1923,016920,카스,KOSDAQ
1924,284620,카이노스메드,KOSDAQ
1925,035720,카카오,KOSPI
1926,293490,카카오게임즈,KOSDAQ
1927,323410,카카오뱅크,KOSPI
1928,377300,카카오페이,KOSPI
1929,042000,카페24,KOSDAQ
1930,006380,카프로,KOSPI
1931,317530,캐리소프트,KOSDAQ
1932,071850,캐스텍코리아,KOSDAQ
1933,050110,캠시스,KOSDAQ
1934,223310,커머스마이너,KOSDAQ
1935,109070,컨버즈,KOSPI
1936,900310,컬러레이,KOSDAQ
1937,078340,컴투스,KOSDAQ
1938,063080,컴투스홀딩스,KOSDAQ
1939,307930,컴퍼니케이,KOSDAQ
1940,079190,케스피온,KOSDAQ
1941,263700,케어랩스,KOSDAQ
1942,214370,케어젠,KOSDAQ
1943,221980,케이디켐,KOSDAQ
1944,001620,케이비아이동국실업,KOSPI
1945,342550,케이비제20호스팩,KOSDAQ
1946,192250,케이사인,KOSDAQ
1947,029460,케이씨,KOSPI
1948,115500,케이씨에스,KOSDAQ
1949,281820,케이씨텍,KOSPI
1950,089150,케이씨티,KOSDAQ
1951,025880,케이씨피드,KOSDAQ
1952,093320,케이아이엔엑스,KOSDAQ
1953,073010,케이에스피,KOSDAQ
1954,105330,케이엔더블유,KOSDAQ
1955,272110,케이엔제이,KOSDAQ
1956,039420,케이엘넷,KOSDAQ
1957,083550,케이엠,KOSDAQ
1958,032500,케이엠더블유,KOSDAQ
1959,225430,케이엠제약,KOSDAQ
1960,102370,케이옥션,KOSDAQ
1961,381970,케이카,KOSPI
1962,145270,케이탑리츠,KOSPI
1963,036030,케이티알파,KOSDAQ
1964,064820,케이프,KOSDAQ
1965,347140,케이프이에스제4호,KOSDAQ
1966,256940,케이피에스,KOSDAQ
1967,024880,케이피에프,KOSDAQ
1968,042040,케이피엠테크,KOSDAQ
1969,054410,케이피티유,KOSDAQ
1970,258610,케일럼,KOSDAQ
1971,274090,켄코아에어로스페이스,KOSDAQ
1972,402420,켈스,KONEX
1973,217600,켐온,KOSDAQ
1974,089010,켐트로닉스,KOSDAQ
1975,220260,켐트로스,KOSDAQ
1976,052400,코나아이,KOSDAQ
1977,046070,코다코,KOSDAQ
1978,047770,코데즈컴바인,KOSDAQ
1979,078940,코드네이처,KOSDAQ
1980,080530,코디,KOSDAQ
1981,224060,코디엠,KOSDAQ
1982,417310,코람코더원리츠,KOSPI
1983,357120,코람코에너지리츠,KOSPI
1984,104540,코렌텍,KOSDAQ
1985,027050,코리아나,KOSDAQ
1986,290510,코리아센터,KOSDAQ
1987,007810,코리아써키트,KOSPI
1988,190650,코리아에셋투자증권,KOSDAQ
1989,101670,코리아에스이,KOSDAQ
1990,123410,코리아에프티,KOSDAQ
1991,003690,코리안리,KOSPI
1992,036690,코맥스,KOSDAQ
1993,049430,코메론,KOSDAQ
1994,183300,코미코,KOSDAQ
1995,041960,코미팜,KOSDAQ
1996,089890,코세스,KOSDAQ
1997,009730,코센,KOSDAQ
1998,189350,코셋,KONEX
1999,082660,코스나인,KOSDAQ
2000,192820,코스맥스,KOSPI
2001,044820,코스맥스비티아이,KOSPI
2002,222040,코스맥스엔비티,KOSDAQ
2003,241710,코스메카코리아,KOSDAQ
2004,005070,코스모신소재,KOSPI
2005,005420,코스모화학,KOSPI
2006,069110,코스온,KOSDAQ
2007,169670,코스텍시스템,KONEX
2008,071950,코아스,KOSPI
2009,166480,코아스템,KOSDAQ
2010,045970,코아시아,KOSDAQ
2011,196450,코아시아옵틱스,KOSDAQ
2012,029960,코엔텍,KOSDAQ
2013,002020,코오롱,KOSPI
2014,003070,코오롱글로벌,KOSPI
2015,102940,코오롱생명과학,KOSDAQ
2016,120110,코오롱인더,KOSPI
2017,950160,코오롱티슈진,KOSDAQ
2018,138490,코오롱플라스틱,KOSPI
2019,056000,코원플레이,KOSDAQ
2020,021240,코웨이,KOSPI
2021,033290,코웰패션,KOSDAQ
2022,056360,코위버,KOSDAQ
2023,282880,코윈테크,KOSDAQ
2024,121850,코이즈,KOSDAQ
2025,015710,코콤,KOSDAQ
2026,052330,코텍,KOSDAQ
2027,322780,코퍼스코리아,KOSDAQ
2028,126600,코프라,KOSDAQ
2029,036420,콘텐트리중앙,KOSPI
2030,200130,콜마비앤에이치,KOSDAQ
2031,031820,콤텍시스템,KOSPI
2032,294570,쿠콘,KOSDAQ
2033,192400,쿠쿠홀딩스,KOSPI
2034,284740,쿠쿠홈시스,KOSPI
2035,317690,퀀타매트릭스,KOSDAQ
2036,365270,큐라클,KOSDAQ
2037,060280,큐렉소,KOSDAQ
2038,015590,큐로,KOSPI
2039,040350,큐로컴,KOSDAQ
2040,051780,큐로홀딩스,KOSDAQ
2041,115180,큐리언트,KOSDAQ
2042,182360,큐브엔터,KOSDAQ
2043,066310,큐에스아이,KOSDAQ
2044,136660,큐엠씨,KONEX
2045,016600,큐캐피탈,KOSDAQ
2046,264900,크라운제과,KOSPI
2047,005740,크라운해태홀딩스,KOSPI
2048,259960,크래프톤,KOSPI
2049,096240,크레버스,KOSDAQ
2050,215570,크로넥스,KONEX
2051,043590,크로바하이텍,KOSDAQ
2052,114120,크루셜텍,KOSDAQ
2053,110790,크리스에프앤씨,KOSDAQ
2054,900250,크리스탈신소재,KOSDAQ
2055,083790,크리스탈지노믹스,KOSDAQ
2056,045520,크린앤사이언스,KOSDAQ
2057,036170,클라우드에어,KOSDAQ
2058,214150,클래시스,KOSDAQ
2059,352770,클리노믹스,KOSDAQ
2060,237880,클리오,KOSDAQ
2061,139670,키네마스터,KOSDAQ
2062,020120,키다리스튜디오,KOSPI
2063,413600,키움제6호스팩,KOSDAQ
2064,039490,키움증권,KOSPI
2065,054780,키이스트,KOSDAQ
2066,336040,타스컴,KONEX
2067,219130,타이거일렉,KOSDAQ
2068,318660,타임기술,KONEX
2069,180060,탑선,KONEX
2070,065130,탑엔지니어링,KOSDAQ
2071,134580,탑코미디어,KOSDAQ
2072,014580,태경비케이,KOSPI
2073,015890,태경산업,KOSPI
2074,006890,태경케미컬,KOSPI
2075,023160,태광,KOSDAQ
2076,003240,태광산업,KOSPI
2077,011280,태림포장,KOSPI
2078,053620,태양,KOSDAQ
2079,004100,태양금속,KOSPI
2080,116100,태양기계,KONEX
2081,009410,태영건설,KOSPI
2082,044490,태웅,KOSDAQ
2083,124560,태웅로직스,KOSDAQ
2084,001420,태원물산,KOSPI
2085,007980,태평양물산,KOSPI
2086,191420,테고사이언스,KOSDAQ
2087,073640,테라사이언스,KOSDAQ
2088,182690,테라셈,KOSDAQ
2089,066700,테라젠이텍스,KOSDAQ
2090,095610,테스,KOSDAQ
2091,131970,테스나,KOSDAQ
2092,055490,테이팩스,KOSPI
2093,308700,테크엔,KONEX
2094,089030,테크윙,KOSDAQ
2095,258050,테크트랜스,KONEX
2096,054450,텔레칩스,KOSDAQ
2097,091440,텔레필드,KOSDAQ
2098,078000,텔코웨어,KOSPI
2099,200230,텔콘RF제약,KOSDAQ
2100,214420,토니모리,KOSPI
2101,393210,토마토시스템,KONEX
2102,215480,토박스코리아,KOSDAQ
2103,051360,토비스,KOSDAQ
2104,045340,토탈소프트,KOSDAQ
2105,108230,톱텍,KOSDAQ
2106,079970,투비소프트,KOSDAQ
2107,199800,툴젠,KOSDAQ
2108,105550,트루윈,KOSDAQ
2109,290090,트윔,KOSDAQ
2110,026150,특수건설,KOSDAQ
2111,322180,티라유텍,KOSDAQ
2112,117730,티로보틱스,KOSDAQ
2113,033830,티비씨,KOSDAQ
2114,057680,티사이언티픽,KOSDAQ
2115,064760,티씨케이,KOSDAQ
2116,246710,티앤알바이오팹,KOSDAQ
2117,340570,티앤엘,KOSDAQ
2118,043220,티에스넥스젠,KOSDAQ
2119,277880,티에스아이,KOSDAQ
2120,131290,티에스이,KOSDAQ
2121,019180,티에이치엔,KOSPI
2122,356860,티엘비,KOSDAQ
2123,062860,티엘아이,KOSDAQ
2124,363280,티와이홀딩스,KOSPI
2125,321550,티움바이오,KOSDAQ
2126,091810,티웨이항공,KOSPI
2127,004870,티웨이홀딩스,KOSPI
2128,104480,티케이케미칼,KOSDAQ
2129,309900,티티씨디펜스,KONEX
2130,081150,티플랙스,KOSDAQ
2131,130740,티피씨글로벌,KOSDAQ
2132,217880,틸론,KONEX
2133,084730,팅크웨어,KOSDAQ
2134,046210,파나진,KOSDAQ
2135,058530,파나케이아,KOSDAQ
2136,034230,파라다이스,KOSDAQ
2137,033540,파라텍,KOSDAQ
2138,043200,파루,KOSDAQ
2139,214450,파마리서치,KOSDAQ
2140,217950,파마리서치바이오,KONEX
2141,208340,파멥신,KOSDAQ
2142,005690,파미셀,KOSPI
2143,177830,파버나인,KOSDAQ
2144,037070,파세코,KOSDAQ
2145,150900,파수,KOSDAQ
2146,037030,파워넷,KOSDAQ
2147,047310,파워로직스,KOSDAQ
2148,266870,파워풀엑스,KONEX
2149,368770,파이버프로,KOSDAQ
2150,170790,파이오링크,KOSDAQ
2151,049120,파인디앤씨,KOSDAQ
2152,038950,파인디지털,KOSDAQ
2153,106240,파인테크닉스,KOSDAQ
2154,131760,파인텍,KOSDAQ
2155,065690,파커스,KOSDAQ
2156,140860,파크시스템스,KOSDAQ
2157,091700,파트론,KOSDAQ
2158,202960,판도라티비,KONEX
2159,032800,판타지오,KOSDAQ
2160,318010,팜스빌,KOSDAQ
2161,036580,팜스코,KOSPI
2162,027710,팜스토리,KOSDAQ
2163,004720,팜젠사이언스,KOSPI
2164,225590,패션플랫폼,KOSDAQ
2165,054300,팬스타엔터프라이즈,KOSDAQ
2166,068050,팬엔터테인먼트,KOSDAQ
2167,028670,팬오션,KOSPI
2168,222110,팬젠,KOSDAQ
2169,010820,퍼스텍,KOSPI
2170,016800,퍼시스,KOSPI
2171,263750,펄어비스,KOSDAQ
2172,251970,펌텍코리아,KOSDAQ
2173,001020,페이퍼코리아,KOSPI
2174,327610,펨토바이오메드,KONEX
2175,087010,펩트론,KOSDAQ
2176,090080,평화산업,KOSPI
2177,010770,평화홀딩스,KOSPI
2178,119500,포메탈,KOSDAQ
2179,389140,포바이포,KOSDAQ
2180,022100,포스코 ICT,KOSDAQ
2181,058430,포스코스틸리온,KOSPI
2182,009520,포스코엠텍,KOSDAQ
2183,047050,포스코인터내셔널,KOSPI
2184,003670,포스코케미칼,KOSPI
2185,189690,포시에스,KOSDAQ
2186,318020,포인트모바일,KOSDAQ
2187,256630,포인트엔지니어링,KOSDAQ
2188,331380,포커스에이치엔에스,KOSDAQ
2189,234100,폴라리스세원,KOSDAQ
2190,041020,폴라리스오피스,KOSDAQ
2191,114630,폴라리스우노,KOSDAQ
2192,290720,푸드나무,KOSDAQ
2193,005670,푸드웰,KOSDAQ
2194,094940,푸른기술,KOSDAQ
2195,007330,푸른저축은행,KOSDAQ
2196,017810,풀무원,KOSPI
2197,093380,풍강,KOSDAQ
2198,023900,풍국주정,KOSDAQ
2199,103140,풍산,KOSPI
2200,005810,풍산홀딩스,KOSPI
2201,371950,풍원정밀,KOSDAQ
2202,370090,퓨런티어,KOSDAQ
2203,220100,퓨쳐켐,KOSDAQ
2204,035200,프럼파스트,KOSDAQ
2205,334970,프레스티지바이오로직스,KOSDAQ
2206,950210,프레스티지바이오파마,KOSPI
2207,203690,프로스테믹스,KOSDAQ
2208,321260,프로이천,KOSDAQ
2209,303360,프로테옴텍,KONEX
2210,053610,프로텍,KOSDAQ
2211,377220,프롬바이오,KOSDAQ
2212,335810,프리시젼바이오,KOSDAQ
2213,053160,프리엠스,KOSDAQ
2214,041590,플래스크,KOSDAQ
2215,367000,플래티어,KOSDAQ
2216,075130,플랜티넷,KOSDAQ
2217,222670,플럼라인생명과학,KONEX
2218,009810,플레이그램,KOSPI
2219,237820,플레이디,KOSDAQ
2220,023770,플레이위드,KOSDAQ
2221,300080,플리토,KOSDAQ
2222,150440,피노텍,KONEX
2223,032580,피델릭스,KOSDAQ
2224,051380,피씨디렉트,KOSDAQ
2225,241820,피씨엘,KOSDAQ
2226,237750,피앤씨테크,KOSDAQ
2227,024850,피에스엠씨,KOSDAQ
2228,319660,피에스케이,KOSDAQ
2229,031980,피에스케이홀딩스,KOSDAQ
2230,002230,피에스텍,KOSDAQ
2231,057880,피에이치씨,KOSDAQ
2232,043370,피에이치에이,KOSDAQ
2233,242350,피엔아이컴퍼니,KONEX
2234,239890,피엔에이치테크,KOSDAQ
2235,347740,피엔케이피부임상연구센타,KOSDAQ
2236,137400,피엔티,KOSDAQ
2237,128660,피제이메탈,KOSDAQ
2238,006140,피제이전자,KOSDAQ
2239,376180,피코그램,KOSDAQ
2240,304840,피플바이오,KOSDAQ
2241,062970,피피아이,KOSDAQ
2242,087600,픽셀플러스,KOSDAQ
2243,161580,필옵틱스,KOSDAQ
2244,347770,핌스,KOSDAQ
2245,163730,핑거,KOSDAQ
2246,332710,하나금융14호스팩,KOSDAQ
2247,341160,하나금융15호스팩,KOSDAQ
2248,343510,하나금융16호스팩,KOSDAQ
2249,363260,하나금융17호스팩,KOSDAQ
2250,388220,하나금융19호스팩,KOSDAQ
2251,400560,하나금융20호스팩,KOSDAQ
2252,406760,하나금융21호스팩,KOSDAQ
2253,086790,하나금융지주,KOSPI
2254,299030,하나기술,KOSDAQ
2255,067310,하나마이크론,KOSDAQ
2256,372290,하나머스트7호스팩,KOSDAQ
2257,166090,하나머티리얼즈,KOSDAQ
2258,293480,하나제약,KOSPI
2259,039130,하나투어,KOSPI
2260,136480,하림,KOSDAQ
2261,003380,하림지주,KOSDAQ
2262,365590,하이딥,KOSDAQ
2263,149980,하이로닉,KOSDAQ
2264,013030,하이록코리아,KOSDAQ
2265,352820,하이브,KOSPI
2266,126700,하이비젼시스템,KOSDAQ
2267,106080,하이소닉,KOSDAQ
2268,071090,하이스틸,KOSPI
2269,340120,하이제5호스팩,KOSDAQ
2270,377400,하이제6호스팩,KOSDAQ
2271,400840,하이제7호스팩,KOSDAQ
2272,221840,하이즈항공,KOSDAQ
2273,106190,하이텍팜,KOSDAQ
2274,019490,하이트론,KOSPI
2275,000080,하이트진로,KOSPI
2276,000140,하이트진로홀딩스,KOSPI
2277,373200,하인크코리아,KOSDAQ
2278,066130,하츠,KOSDAQ
2279,152550,한국ANKOR유전,KOSPI
2280,004590,한국가구,KOSDAQ
2281,036460,한국가스공사,KOSPI
2282,039340,한국경제TV,KOSDAQ
2283,005430,한국공항,KOSPI
2284,071050,한국금융지주,KOSPI
2285,034950,한국기업평가,KOSDAQ
2286,010040,한국내화,KOSPI
2287,025540,한국단자,KOSPI
2288,222980,한국맥널티,KOSDAQ
2289,331660,한국미라클피플사,KONEX
2290,256840,한국비엔씨,KOSDAQ
2291,004090,한국석유,KOSPI
2292,025550,한국선재,KOSDAQ
2293,002200,한국수출포장,KOSPI
2294,002960,한국쉘석유,KOSPI
2295,017890,한국알콜,KOSDAQ
2296,000240,한국앤컴퍼니,KOSPI
2297,080720,한국유니온제약,KOSDAQ
2298,123890,한국자산신탁,KOSPI
2299,015760,한국전력,KOSPI
2300,063570,한국전자금융,KOSDAQ
2301,041460,한국전자인증,KOSDAQ
2302,006200,한국전자홀딩스,KOSPI
2303,101680,한국정밀기계,KOSDAQ
2304,039740,한국정보공학,KOSDAQ
2305,053300,한국정보인증,KOSDAQ
2306,025770,한국정보통신,KOSDAQ
2307,409570,한국제10호스팩,KOSDAQ
2308,009540,한국조선해양,KOSPI
2309,023350,한국종합기술,KOSPI
2310,025890,한국주강,KOSPI
2311,000970,한국주철관,KOSPI
2312,104700,한국철강,KOSPI
2313,017960,한국카본,KOSPI
2314,023760,한국캐피탈,KOSDAQ
2315,054040,한국컴퓨터,KOSDAQ
2316,050540,한국코퍼레이션,KOSDAQ
2317,161890,한국콜마,KOSPI
2318,024720,한국콜마홀딩스,KOSPI
2319,021650,한국큐빅,KOSDAQ
2320,161390,한국타이어앤테크놀로지,KOSPI
2321,053590,한국테크놀로지,KOSDAQ
2322,034830,한국토지신탁,KOSPI
2323,007280,한국특강,KOSPI
2324,032300,한국파마,KOSDAQ
2325,168490,한국패러랠,KOSPI
2326,037230,한국팩키지,KOSDAQ
2327,010100,한국프랜지,KOSPI
2328,047810,한국항공우주,KOSPI
2329,123690,한국화장품,KOSPI
2330,003350,한국화장품제조,KOSPI
2331,030520,한글과컴퓨터,KOSDAQ
2332,052600,한네트,KOSDAQ
2333,011500,한농화성,KOSPI
2334,002390,한독,KOSPI
2335,256150,한독크린텍,KOSDAQ
2336,014790,한라,KOSPI
2337,092460,한라IMS,KOSDAQ
2338,060980,한라홀딩스,KOSPI
2339,053690,한미글로벌,KOSPI
2340,042700,한미반도체,KOSPI
2341,008930,한미사이언스,KOSPI
2342,128940,한미약품,KOSPI
2343,047080,한빛소프트,KOSDAQ
2344,009240,한샘,KOSPI
2345,020000,한섬,KOSPI
2346,003680,한성기업,KOSPI
2347,105630,한세실업,KOSPI
2348,069640,한세엠케이,KOSPI
2349,016450,한세예스24홀딩스,KOSPI
2350,010420,한솔PNS,KOSPI
2351,009180,한솔로지스틱스,KOSPI
2352,070590,한솔인티큐브,KOSDAQ
2353,213500,한솔제지,KOSPI
2354,014680,한솔케미칼,KOSPI
2355,004710,한솔테크닉스,KOSPI
2356,004150,한솔홀딩스,KOSPI
2357,025750,한솔홈데코,KOSPI
2358,226440,한송네오텍,KOSDAQ
2359,042520,한스바이오메드,KOSDAQ
2360,004960,한신공영,KOSPI
2361,011700,한신기계,KOSPI
2362,078350,한양디지텍,KOSDAQ
2363,045100,한양이엔지,KOSDAQ
2364,001750,한양증권,KOSPI
2365,018880,한온시스템,KOSPI
2366,009420,한올바이오파마,KOSPI
2367,014130,한익스프레스,KOSPI
2368,046110,한일네트웍스,KOSDAQ
2369,024740,한일단조,KOSDAQ
2370,005860,한일사료,KOSDAQ
2371,300720,한일시멘트,KOSPI
2372,123840,한일진공,KOSDAQ
2373,002220,한일철강,KOSPI
2374,006390,한일현대시멘트,KOSPI
2375,003300,한일홀딩스,KOSPI
2376,007770,한일화학,KOSDAQ
2377,051600,한전KPS,KOSPI
2378,052690,한전기술,KOSPI
2379,130660,한전산업,KOSPI
2380,107640,한중엔시에스,KONEX
2381,002320,한진,KOSPI
2382,003480,한진중공업홀딩스,KOSPI
2383,180640,한진칼,KOSPI
2384,005110,한창,KOSPI
2385,043090,한창바이오텍,KOSDAQ
2386,079170,한창산업,KOSDAQ
2387,009460,한창제지,KOSPI
2388,086960,한컴MDS,KOSDAQ
2389,372910,한컴라이프케어,KOSPI
2390,054920,한컴위드,KOSDAQ
2391,002680,한탑,KOSDAQ
2392,000880,한화,KOSPI
2393,088350,한화생명,KOSPI
2394,000370,한화손해보험,KOSPI
2395,009830,한화솔루션,KOSPI
2396,272210,한화시스템,KOSPI
2397,012450,한화에어로스페이스,KOSPI
2398,003530,한화투자증권,KOSPI
2399,386580,한화플러스제2호스팩,KOSDAQ
2400,195870,해성디에스,KOSPI
2401,034810,해성산업,KOSDAQ
2402,076610,해성옵틱스,KOSDAQ
2403,059270,해성티피씨,KOSDAQ
2404,101530,해태제과식품,KOSPI
2405,220180,핸디소프트,KOSDAQ
2406,143210,핸즈코퍼레이션,KOSPI
2407,900270,헝셩그룹,KOSDAQ
2408,084990,헬릭스미스,KOSDAQ
2409,000720,현대건설,KOSPI
2410,267270,현대건설기계,KOSPI
2411,170030,현대공업,KOSDAQ
2412,005440,현대그린푸드,KOSPI
2413,086280,현대글로비스,KOSPI
2414,042670,현대두산인프라코어,KOSPI
2415,064350,현대로템,KOSPI
2416,079430,현대리바트,KOSPI
2417,012330,현대모비스,KOSPI
2418,319400,현대무벡스,KOSDAQ
2419,010620,현대미포조선,KOSPI
2420,048410,현대바이오,KOSDAQ
2421,052260,현대바이오랜드,KOSDAQ
2422,069960,현대백화점,KOSPI
2423,004560,현대비앤지스틸,KOSPI
2424,016790,현대사료,KOSDAQ
2425,004310,현대약품,KOSPI
2426,322000,현대에너지솔루션,KOSPI
2427,041440,현대에버다임,KOSDAQ
2428,039010,현대에이치티,KOSDAQ
2429,017800,현대엘리베이,KOSPI
2430,307950,현대오토에버,KOSPI
2431,011210,현대위아,KOSPI
2432,090850,현대이지웰,KOSDAQ
2433,267260,현대일렉트릭,KOSPI
2434,004020,현대제철,KOSPI
2435,329180,현대중공업,KOSPI
2436,005380,현대차,KOSPI
2437,001500,현대차증권,KOSPI
2438,011760,현대코퍼레이션,KOSPI
2439,227840,현대코퍼레이션홀딩스,KOSPI
2440,126560,현대퓨처넷,KOSPI
2441,001450,현대해상,KOSPI
2442,057050,현대홈쇼핑,KOSPI
2443,092300,현우산업,KOSDAQ
2444,138360,협진,KOSDAQ
2445,011080,형지I&C,KOSDAQ
2446,093240,형지엘리트,KOSPI
2447,003010,혜인,KOSPI
2448,111110,호전실업,KOSPI
2449,008770,호텔신라,KOSPI
2450,060560,홈센타홀딩스,KOSDAQ
2451,064240,홈캐스트,KOSDAQ
2452,039610,화성밸브,KOSDAQ
2453,002460,화성산업,KOSPI
2454,378850,화승알앤에이,KOSPI
2455,241590,화승엔터프라이즈,KOSPI
2456,006060,화승인더,KOSPI
2457,013520,화승코퍼레이션,KOSPI
2458,010690,화신,KOSPI
2459,126640,화신정공,KOSDAQ
2460,133820,화인베스틸,KOSPI
2461,061250,화일약품,KOSDAQ
2462,010660,화천기계,KOSPI
2463,000850,화천기공,KOSPI
2464,016580,환인제약,KOSPI
2465,032560,황금에스티,KOSPI
2466,004800,효성,KOSPI
2467,094280,효성ITX,KOSPI
2468,097870,효성오앤비,KOSDAQ
2469,298040,효성중공업,KOSPI
2470,298050,효성첨단소재,KOSPI
2471,298020,효성티앤씨,KOSPI
2472,298000,효성화학,KOSPI
2473,093370,후성,KOSPI
2474,081660,휠라홀딩스,KOSPI
2475,290270,휴네시온,KOSDAQ
2476,005870,휴니드,KOSPI
2477,353190,휴럼,KOSDAQ
2478,090710,휴림로봇,KOSDAQ
2479,205470,휴마시스,KOSDAQ
2480,115160,휴맥스,KOSDAQ
2481,028080,휴맥스홀딩스,KOSDAQ
2482,032860,휴먼엔,KOSDAQ
2483,200670,휴메딕스,KOSDAQ
2484,212310,휴벡셀,KONEX
2485,079980,휴비스,KOSPI
2486,065510,휴비츠,KOSDAQ
2487,215090,휴센텍,KOSDAQ
2488,005010,휴스틸,KOSPI
2489,263920,휴엠앤씨,KOSDAQ
2490,243070,휴온스,KOSDAQ
2491,084110,휴온스글로벌,KOSDAQ
2492,145020,휴젤,KOSDAQ
2493,024060,흥구석유,KOSDAQ
2494,010240,흥국,KOSDAQ
2495,189980,흥국에프엔비,KOSDAQ
2496,000540,흥국화재,KOSPI
2497,003280,흥아해운,KOSPI
2498,037440,희림,KOSDAQ
2499,238490,힘스,KOSDAQ
2500,001465,BYC우,KOSPI
2501,011155,CJ씨푸드1우,KOSPI
2502,001045,CJ우,KOSPI
2503,097955,CJ제일제당 우,KOSPI
2504,000995,DB하이텍1우,KOSPI
2505,000215,DL우,KOSPI
2506,37550K,DL이앤씨우,KOSPI
2507,078935,GS우,KOSPI
2508,001065,JW중외제약우,KOSPI
2509,016385,KG스틸우,KOSPI
2510,051905,LG생활건강우,KOSPI
2511,003555,LG우,KOSPI
2512,066575,LG전자우,KOSPI
2513,051915,LG화학우,KOSPI
2514,108675,LX하우시스우,KOSPI
2515,38380K,LX홀딩스1우,KOSPI
2516,005945,NH투자증권우,KOSPI
2517,004255,NPC우,KOSPI
2518,010955,S-Oil우,KOSPI
2519,001745,SK네트웍스우,KOSPI
2520,006125,SK디스커버리우,KOSPI
2521,03473K,SK우,KOSPI
2522,096775,SK이노베이션우,KOSPI
2523,001515,SK증권우,KOSPI
2524,28513K,SK케미칼우,KOSPI
2525,012205,계양전기우,KOSPI
2526,014285,금강공업우,KOSPI
2527,002995,금호건설우,KOSPI
2528,011785,금호석유우,KOSPI
2529,004545,깨끗한나라우,KOSPI
2530,008355,남선알미우,KOSPI
2531,003925,남양유업우,KOSPI
2532,005725,넥센우,KOSPI
2533,090355,노루페인트우,KOSPI
2534,000325,노루홀딩스우,KOSPI
2535,005257,녹십자홀딩스2우,KOSPI
2536,00806K,대덕1우,KOSPI
2537,35320K,대덕전자1우,KOSPI
2538,001685,대상우,KOSPI
2539,084695,대상홀딩스우,KOSPI
2540,003545,대신증권우,KOSPI
2541,006345,대원전선우,KOSPI
2542,001795,대한제당우,KOSPI
2543,003495,대한항공우,KOSPI
2544,021045,대호특수강우,KOSDAQ
2545,004835,덕성우,KOSPI
2546,005965,동부건설우,KOSPI
2547,001525,동양우,KOSPI
2548,014825,동원시스템즈우,KOSPI
2549,000155,두산우,KOSPI
2550,33626K,두산퓨얼셀1우,KOSPI
2551,00499K,롯데지주우,KOSPI
2552,005305,롯데칠성우,KOSPI
2553,006805,미래에셋증권우,KOSPI
2554,001275,부국증권우,KOSPI
2555,006405,삼성SDI우,KOSPI
2556,009155,삼성전기우,KOSPI
2557,005935,삼성전자우,KOSPI
2558,010145,삼성중공우,KOSPI
2559,000815,삼성화재우,KOSPI
2560,145995,삼양사우,KOSPI
2561,000075,삼양홀딩스우,KOSPI
2562,004415,서울식품우,KOSPI
2563,014915,성문전자우,KOSPI
2564,004985,성신양회우,KOSPI
2565,004365,세방우,KOSPI
2566,032685,소프트센우,KOSDAQ
2567,33637K,솔루스첨단소재1우,KOSPI
2568,001725,신영증권우,KOSPI
2569,009275,신원우,KOSPI
2570,019175,신풍제약우,KOSPI
2571,002795,아모레G우,KOSPI
2572,090435,아모레퍼시픽우,KOSPI
2573,115960,연우,KOSDAQ
2574,003475,유안타증권우,KOSPI
2575,000225,유유제약1우,KOSPI
2576,000105,유한양행우,KOSPI
2577,003465,유화증권우,KOSPI
2578,294090,이오플로우,KOSDAQ
2579,007575,일양약품우,KOSPI
2580,007815,코리아써우,KOSPI
2581,003075,코오롱글로벌우,KOSPI
2582,002025,코오롱우,KOSPI
2583,120115,코오롱인더우,KOSPI
2584,26490K,크라운제과우,KOSPI
2585,005745,크라운해태홀딩스우,KOSPI
2586,004105,태양금속우,KOSPI
2587,009415,태영건설우,KOSPI
2588,36328K,티와이홀딩스우,KOSPI
2589,000145,하이트진로홀딩스우,KOSPI
2590,071055,한국금융지주우,KOSPI
2591,001755,한양증권우,KOSPI
2592,18064K,한진칼우,KOSPI
2593,009835,한화솔루션우,KOSPI
2594,000885,한화우,KOSPI
2595,003535,한화투자증권우,KOSPI
2596,03481K,해성산업1우,KOSDAQ
2597,000725,현대건설우,KOSPI
2598,004565,현대비앤지스틸우,KOSPI
2599,005385,현대차우,KOSPI
2600,008775,호텔신라우,KOSPI
2601,000545,흥국화재우,KOSPI
